skill_query,title,description,source,publishedAt,platform
Java,Going Native With Androids Native Development Kit,"Originally Android apps were only developed in Java, targeting the Dalvik Java Virtual Machine (JVM) and its associated environment. Compared to platforms like iOS with Objective-C, which is just C read more",Hackaday,2025-09-15 14:00:41,NewsAPI
Java,Fernflower Java Decompiler,"Decompiler from Java bytecode to Java, used in IntelliJ IDEA. - JetBrains/fernflower",Github.com,2025-09-25 20:20:44,NewsAPI
Java,What Walmart's EVP of Global Tech companies looks for when hiring engineers,"Walmart EVP of Global Tech platforms Sravana Karnati has over 25 years of leadership experience, and he looks for two things when he hires engineers.",Business Insider,2025-09-29 09:08:01,NewsAPI
Java,EU age verification app not planning desktop support,"Hi I found multiple usability issues with this solution. The focus is so strong on the app, that it assumes everyone owns a smartphone. The other day I saw a granny on the bus with a phone that was...",Github.com,2025-09-24 11:52:50,NewsAPI
Java,"Basic Dialects, IDEs, and Tutorials","A curated list of awesome BASIC dialects, IDEs, and tutorials - JohnBlood/awesome-basic",Github.com,2025-10-01 05:22:06,NewsAPI
Java,"CodeSOD: Functionally, a Date","Dates are messy things, full of complicated edge cases and surprising ways for our assumptions to fail. They lack the pure mathematical beauty of other data types, like integers. But that absence doesn't mean we can't apply the beautiful, concise, and simple",Thedailywtf.com,2025-09-15 06:30:00,NewsAPI
Java,Google's senior director of product explains how software engineering jobs are changing in the AI era,"With AI shifting the role of software engineers, Google's senior director of product says more developers will be involved in deploying products.",Business Insider,2025-09-23 14:10:01,NewsAPI
Java,The agentic internet is coming. AI companies are racing to build the digital rails first.,"Just as Google and Apple locked in developer ecosystems during the web and mobile eras, today's protocol pioneers may dominate the agentic future.",Business Insider,2025-09-26 16:48:00,NewsAPI
Java,OpenDataLoader-PDF: An open source tool for structured PDF parsing,"Safe, Open, High-Performance PDF for AI. Contribute to opendataloader-project/opendataloader-pdf development by creating an account on GitHub.",Github.com,2025-09-23 13:58:48,NewsAPI
Java,Daily Deal: The Ultimate Software Testing Bundle,Get the skills you need to become a software tester with the Ultimate Software Testing Bundle. Software testing is performed to identify differences between given input and expected output and to verify that software products function according to pre-defined,Techdirt,2025-09-15 17:41:33,NewsAPI
Java,A step-by-step guide to modernizing Java projects with GitHub Copilot agent mode,"Learn how to use GitHub Copilot agent mode to modernize legacy Java projects with guided upgrades, automated fixes, and cloud-ready migrations. The post A step-by-step guide to modernizing Java projects with GitHub Copilot agent mode appeared first on The Git",Github.blog,2025-09-22 21:46:08,NewsAPI
Java,Saving the Indus,"T he Indus Delta, a critical biodiversity hotspot and socio-economic hub, faces severe ecological degradation due to reduced freshwater flows and accelerating seawater intrusion.Ecological reports, including analyses of satellite imagery from 1972 to 2017, document alarming shoreline...",thenews,2025-10-05 18:43:00,NewsData
Java,Central Java students develop smart lunch box to ensure free meal safety at school,The device earned the duo second place in a regional youth innovation competition.,straitstimes,2025-10-05 18:43:00,NewsData
Java,Why Bloomberg Chose Vendor-Neutral Java Over Big Tech,,The New Stack,2025-10-05 18:43:00,GoogleNews
Java,Bringing AI Inference to Java with ONNX: A Practical Guide for Enterprise Architects,,infoq.com,2025-10-05 18:43:00,GoogleNews
Java,A step-by-step guide to modernizing Java projects with GitHub Copilot agent mode,,The GitHub Blog,2025-10-05 18:43:00,GoogleNews
Java,Oracle Releases Java 25,,Oracle,2025-10-05 18:43:00,GoogleNews
Java,ADK for Java opening up to third-party language models via LangChain4j integration,,Google for Developers Blog,2025-10-05 18:43:00,GoogleNews
Java,JDK 26: The new features in Java 26,,InfoWorld,2025-10-05 18:43:00,GoogleNews
Java,Minecraft Java Edition 1.21.9,,Minecraft,2025-10-05 18:43:00,GoogleNews
Java,Java Language Architect Brian Goetz on How Java Could Evolve,,The New Stack,2025-10-05 18:43:00,GoogleNews
Java,GitHub Copilot app modernization is now generally available for Java and .NET - GitHub Changelog,,The GitHub Blog,2025-10-05 18:43:00,GoogleNews
Java,Java Journeys: The Corner Brew,,WSKG,2025-10-05 18:43:00,GoogleNews
Java,The Java Developers Dilemma: Part 1,,O'Reilly Media,2025-10-05 18:43:00,GoogleNews
Java,Java at 30 and beyond: How IBM is Securing the future of Java,,IBM,2025-10-05 18:43:00,GoogleNews
Java,Strong Java LTS arrives with the release of 25,,theregister.com,2025-10-05 18:43:00,GoogleNews
Java,Tired of Geyser servers always putting Java first? Check out the Realm of Aureus!,"# Welcome to the Realm of Aureus! **NOTE: We are a *server*, NOT an actual realm!** Are you looking for a long-term adventure? A unique community you can call home, with no resets? Look no further! The Realm of Aureus combines the open-world survival and exploration aspect of vanilla Minecraft with the deep lore feel of an RPG. Our players are encouraged to build their bases, make friends, and strive to complete the most difficult tasks we have to offer. We can confidently boast over 500+ unique items, armors, enchantments, tools, skills, bosses, creatures and NPCs to explore and experiment with, all made in-house with an unmatched level of care and quality. The community drives our development priorities. We have a limitless well of ideas and content to release, but we will always prioritize community requests. # What we can offer: **Unique Bosses and Dungeons** - Fight bosses throughout the Realm! Use the terrain to your advantage, utilize boss weaknesses, and enjoy an exhilarating challenge as you fight through powerful foes to claim their hordes of loot! **World Border** - Explore out to a world border that expands by 1,000 blocks every Age. With an ever-expanding border, there is always fresh space to build on! **Java/Bedrock Parity** - Running on Geyser, we have done extensive testing and resource pack engineering to get all our textures and assets to be visually at one with both clients to the current capabilities of modern Minecraft. Share a cosmetic hat with your friends on both Bedrock and Java! **Territory Protection** - Protect your bases and builds from destruction with our easy to use land protection! Guard your territory, ally with other towns, and even form nations of smaller cities! **Achievement Hunting** - Complete over 400 special achievements with a varying range of difficulty from locating a rare piece of gear, to unlocking a unique chat title, or slaying a powerful boss - the more achievements you complete, the higher your fame progresses! **Leaderboards** - A fan favorite, there are leaderboards and stat trackers for all 400+ achievements in the game. Everything you achieve can be easily viewed in your achievement book! **Unique Cosmetics** - Wear a hat, a santa suit, or even a pair of colored wings! You name it, we have it. **Community Voting** - Vote in community polls to drive our content design. You can also post your own suggestions for people to vote on! **Experienced Staff Team** - Our staff team is small, passionate, and always willing to assist you. With nearly round-the-clock support, you can ensure that issues are met with the utmost urgency. **Non-P2W** - Most importantly, we offer only a single paid status, called Membership. This grants you access to all our bonus features and extra goodies and helps support our growing community costs in a sustainable and consumer friendly method. Version - **1.21.7 - 1.21.8** IP - **play.aureusmc.net** Bedrock Port - **19132** Discord - **https://discord.gg/rqsqNRK5U5(https://discord.gg/rqsqNRK5U5)** **What are you waiting for?!** *Come join our community today!*",MinecraftBedrockers,2025-10-05 18:43:00,Reddit
Java,Ordinary SMP Vanilla Java 1.21.8 Fabric Hermitcraft-like Whitelist,"**ORDINARY SMP** - Vanilla Java 1.21.8 Whitelisted Hey Crafters! Ordinary SMP is a tight-knit, active community where players from around the world come together to build, explore &amp have fun. Whether you are starting fresh or looking for your next Minecraft home, you're welcome here! **What Makes Us Special?** - Version: Always up to date. We are on **1.21.8** with all the latest features. - Tight-Knit &amp Friendly Community: Join a diverse group of players who love to build &amp collaborate on exciting community projects. - Grief Protection: Even though were a vanilla SMP, weve got safeguards in place to keep your builds safe and secure from any troublemakers. **Exciting Features!** - BlueMap(https://map.ordinary-smp.com/): Navigate the world with an interactive live map. - AudioPlayer: Custom audio - Simple VoiceChat: Enhance your immersion and chat with fellow players in game. - Dragon Elytra Drops - Custom Resource Pack: Our server features a unique custom resource pack with exclusive cosmetics, trophies &amp event rewards that match our HermitCraft-inspired theme. Have an idea for custom items? Wed love to hear it! **Why Should You Join Us?** - Server-Wide Events: PvP battles, build contests &amp massive community projects. Theres always something fun going on! - Were whitelisted to ensure a respectful and fun player base. - Whether you're a master builder, an explorer, a redstone engineer or just here to vibe, you'll fit right in. **How to Join?** You can join us here on Discord: https://discord.gg/GjmY3mECSX Come join us and be a part of something amazing. We cant wait to see what Ordinary SMP will become with you in it. See you in the Ordinary SMP.",MinecraftServerFinder,2025-10-05 18:43:00,Reddit
Java,Ordinary SMP Vanilla Java 1.21.8 Fabric Hermitcraft-like Whitelist,"**ORDINARY SMP** - Vanilla Java 1.21.8 Whitelisted Hey Crafters! Ordinary SMP is a tight-knit, active community where players from around the world come together to build, explore &amp have fun. Whether you are starting fresh or looking for your next Minecraft home, you're welcome here! **What Makes Us Special?** - Version: Always up to date. We are on **1.21.8** with all the latest features. - Tight-Knit &amp Friendly Community: Join a diverse group of players who love to build &amp collaborate on exciting community projects. - Grief Protection: Even though were a vanilla SMP, weve got safeguards in place to keep your builds safe and secure from any troublemakers. **Exciting Features!** - BlueMap(https://map.ordinary-smp.com/): Navigate the world with an interactive live map. - AudioPlayer: Custom audio - Simple VoiceChat: Enhance your immersion and chat with fellow players in game. - Dragon Elytra Drops - Custom Resource Pack: Our server features a unique custom resource pack with exclusive cosmetics, trophies &amp event rewards that match our HermitCraft-inspired theme. Have an idea for custom items? Wed love to hear it! **Why Should You Join Us?** - Server-Wide Events: PvP battles, build contests &amp massive community projects. Theres always something fun going on! - Were whitelisted to ensure a respectful and fun player base. - Whether you're a master builder, an explorer, a redstone engineer or just here to vibe, you'll fit right in. **How to Join?** You can join us here on Discord: https://discord.gg/GjmY3mECSX Come join us and be a part of something amazing. We cant wait to see what Ordinary SMP will become with you in it. See you in the Ordinary SMP.",MinecraftServer,2025-10-05 18:43:00,Reddit
Java,Ordinary SMP Vanilla Java 1.21.8 Fabric Hermitcraft-like Whitelist,"**ORDINARY SMP** - Vanilla Java 1.21.8 Whitelisted Hey Crafters! Ordinary SMP is a tight-knit, active community where players from around the world come together to build, explore &amp have fun. Whether you are starting fresh or looking for your next Minecraft home, you're welcome here! **What Makes Us Special?** - Version: Always up to date. We are on **1.21.8** with all the latest features. - Tight-Knit &amp Friendly Community: Join a diverse group of players who love to build &amp collaborate on exciting community projects. - Grief Protection: Even though were a vanilla SMP, weve got safeguards in place to keep your builds safe and secure from any troublemakers. **Exciting Features!** - BlueMap(https://map.ordinary-smp.com/): Navigate the world with an interactive live map. - AudioPlayer: Custom audio - Simple VoiceChat: Enhance your immersion and chat with fellow players in game. - Dragon Elytra Drops - Custom Resource Pack: Our server features a unique custom resource pack with exclusive cosmetics, trophies &amp event rewards that match our HermitCraft-inspired theme. Have an idea for custom items? Wed love to hear it! **Why Should You Join Us?** - Server-Wide Events: PvP battles, build contests &amp massive community projects. Theres always something fun going on! - Were whitelisted to ensure a respectful and fun player base. - Whether you're a master builder, an explorer, a redstone engineer or just here to vibe, you'll fit right in. **How to Join?** You can join us here on Discord: https://discord.gg/GjmY3mECSX Come join us and be a part of something amazing. We cant wait to see what Ordinary SMP will become with you in it. See you in the Ordinary SMP.",McServerAdverts,2025-10-05 18:43:00,Reddit
Java,Ordinary SMP Vanilla Java 1.21.8 Fabric Hermitcraft-like Whitelist,"**ORDINARY SMP** - Vanilla Java 1.21.8 Whitelisted Hey Crafters! Ordinary SMP is a tight-knit, active community where players from around the world come together to build, explore &amp have fun. Whether you are starting fresh or looking for your next Minecraft home, you're welcome here! **What Makes Us Special?** - Version: Always up to date. We are on **1.21.8** with all the latest features. - Tight-Knit &amp Friendly Community: Join a diverse group of players who love to build &amp collaborate on exciting community projects. - Grief Protection: Even though were a vanilla SMP, weve got safeguards in place to keep your builds safe and secure from any troublemakers. **Exciting Features!** - BlueMap(https://map.ordinary-smp.com/): Navigate the world with an interactive live map. - AudioPlayer: Custom audio - Simple VoiceChat: Enhance your immersion and chat with fellow players in game. - Dragon Elytra Drops - Custom Resource Pack: Our server features a unique custom resource pack with exclusive cosmetics, trophies &amp event rewards that match our HermitCraft-inspired theme. Have an idea for custom items? Wed love to hear it! **Why Should You Join Us?** - Server-Wide Events: PvP battles, build contests &amp massive community projects. Theres always something fun going on! - Were whitelisted to ensure a respectful and fun player base. - Whether you're a master builder, an explorer, a redstone engineer or just here to vibe, you'll fit right in. **How to Join?** You can join us here on Discord: https://discord.gg/GjmY3mECSX Come join us and be a part of something amazing. We cant wait to see what Ordinary SMP will become with you in it. See you in the Ordinary SMP.",minecraftserverlist,2025-10-05 18:43:00,Reddit
Java,Ordinary SMP Vanilla Java 1.21.8 Fabric Hermitcraft-like Whitelist,"**ORDINARY SMP** - Vanilla Java 1.21.8 Whitelisted Hey Crafters! Ordinary SMP is a tight-knit, active community where players from around the world come together to build, explore &amp have fun. Whether you are starting fresh or looking for your next Minecraft home, you're welcome here! **What Makes Us Special?** - Version: Always up to date. We are on **1.21.8** with all the latest features. - Tight-Knit &amp Friendly Community: Join a diverse group of players who love to build &amp collaborate on exciting community projects. - Grief Protection: Even though were a vanilla SMP, weve got safeguards in place to keep your builds safe and secure from any troublemakers. **Exciting Features!** - BlueMap(https://map.ordinary-smp.com/): Navigate the world with an interactive live map. - AudioPlayer: Custom audio - Simple VoiceChat: Enhance your immersion and chat with fellow players in game. - Dragon Elytra Drops - Custom Resource Pack: Our server features a unique custom resource pack with exclusive cosmetics, trophies &amp event rewards that match our HermitCraft-inspired theme. Have an idea for custom items? Wed love to hear it! **Why Should You Join Us?** - Server-Wide Events: PvP battles, build contests &amp massive community projects. Theres always something fun going on! - Were whitelisted to ensure a respectful and fun player base. - Whether you're a master builder, an explorer, a redstone engineer or just here to vibe, you'll fit right in. **How to Join?** You can join us here on Discord: https://discord.gg/GjmY3mECSX Come join us and be a part of something amazing. We cant wait to see what Ordinary SMP will become with you in it. See you in the Ordinary SMP.",minecraftcommunities,2025-10-05 18:43:00,Reddit
Java,Ordinary SMP Vanilla Java 1.21.8 Fabric Hermitcraft-like Whitelist,"**ORDINARY SMP** - Vanilla Java 1.21.8 Whitelisted Hey Crafters! Ordinary SMP is a tight-knit, active community where players from around the world come together to build, explore &amp have fun. Whether you are starting fresh or looking for your next Minecraft home, you're welcome here! **What Makes Us Special?** - Version: Always up to date. We are on **1.21.8** with all the latest features. - Tight-Knit &amp Friendly Community: Join a diverse group of players who love to build &amp collaborate on exciting community projects. - Grief Protection: Even though were a vanilla SMP, weve got safeguards in place to keep your builds safe and secure from any troublemakers. **Exciting Features!** - BlueMap(https://map.ordinary-smp.com/): Navigate the world with an interactive live map. - AudioPlayer: Custom audio - Simple VoiceChat: Enhance your immersion and chat with fellow players in game. - Dragon Elytra Drops - Custom Resource Pack: Our server features a unique custom resource pack with exclusive cosmetics, trophies &amp event rewards that match our HermitCraft-inspired theme. Have an idea for custom items? Wed love to hear it! **Why Should You Join Us?** - Server-Wide Events: PvP battles, build contests &amp massive community projects. Theres always something fun going on! - Were whitelisted to ensure a respectful and fun player base. - Whether you're a master builder, an explorer, a redstone engineer or just here to vibe, you'll fit right in. **How to Join?** You can join us here on Discord: https://discord.gg/GjmY3mECSX Come join us and be a part of something amazing. We cant wait to see what Ordinary SMP will become with you in it. See you in the Ordinary SMP.",MinecraftGameChannel,2025-10-05 18:43:00,Reddit
Java,Ordinary SMP Vanilla Java 1.21.8 Fabric Hermitcraft-like Whitelist,"**ORDINARY SMP** - Vanilla Java 1.21.8 Whitelisted Hey Crafters! Ordinary SMP is a tight-knit, active community where players from around the world come together to build, explore &amp have fun. Whether you are starting fresh or looking for your next Minecraft home, you're welcome here! **What Makes Us Special?** - Version: Always up to date. We are on **1.21.8** with all the latest features. - Tight-Knit &amp Friendly Community: Join a diverse group of players who love to build &amp collaborate on exciting community projects. - Grief Protection: Even though were a vanilla SMP, weve got safeguards in place to keep your builds safe and secure from any troublemakers. **Exciting Features!** - BlueMap(https://map.ordinary-smp.com/): Navigate the world with an interactive live map. - AudioPlayer: Custom audio - Simple VoiceChat: Enhance your immersion and chat with fellow players in game. - Dragon Elytra Drops - Custom Resource Pack: Our server features a unique custom resource pack with exclusive cosmetics, trophies &amp event rewards that match our HermitCraft-inspired theme. Have an idea for custom items? Wed love to hear it! **Why Should You Join Us?** - Server-Wide Events: PvP battles, build contests &amp massive community projects. Theres always something fun going on! - Were whitelisted to ensure a respectful and fun player base. - Whether you're a master builder, an explorer, a redstone engineer or just here to vibe, you'll fit right in. **How to Join?** You can join us here on Discord: https://discord.gg/GjmY3mECSX Come join us and be a part of something amazing. We cant wait to see what Ordinary SMP will become with you in it. See you in the Ordinary SMP.",Dailyminecraft,2025-10-05 18:43:00,Reddit
Java,How it startet and how it's going,"I startet crocheting in April, when my kiddo wanted a Java. So I learned how to crochet a Java. And after this cute little guy I couldn't stop! Stitch is my latest work and I'm pretty proud of myself! Hope you like them, too!",Amigurumi,2025-10-05 18:43:00,Reddit
Java,"Overwhelmed with online classes, thesis research, or complex coding assignments? I provide expert, confidential academic support tailored to your subject and deadline.","Overwhelmed with online classes, thesis research, or complex coding assignments? I provide expert, confidential academic support tailored to your subject and deadline. Every order includes a free Turnitin AI + plagiarism report to guarantee originality and meet university standards. Services Offered: Essay Writing (All subjects APA, MLA, Harvard, Chicago) Dissertation &amp Thesis Help (All chapters) Literature Reviews &amp Methodology Writing Online Class Participation &amp Discussion Posts Case Studies &amp Reports Coding Assignments (Python, MATLAB, R, Java, C++) Data Analysis (SPSS, Excel, NVivo, Power BI) Humanizing AI-generated content Proofreading &amp Editing Referencing &amp Citation Fixes Fast Turnitin Checks (No Repository Account) Email: universalwriters43gmail.com WhatsApp: +44 7925 425582 Discord: https://discord.gg/xRWjDU9f",AssignmentEssay_Help,2025-10-05 18:43:00,Reddit
Go,Lego Game Boy Hands-On: Nintendo Didnt Need to Go This Hard,This has to be the Lego set of the year.,Gizmodo.com,2025-09-19 20:40:48,NewsAPI
Go,Bitcoin vs Ethereum: Which Cryptocurrency Will Lead in 2025?,"The crypto world is growing, and Bitcoin and Ethereum are still the big players. If youre a trader or investor eyeing 2025, you really need to know what makes these two tick. This includes things like their core drivers, tech plans, and how big institutions feel about them. Were not just scratching the surface here. ...",srilankamirror,2025-10-05 18:43:00,NewsData
Go,Carson Wentz finds Jordan Addison for go-ahead TD pass to lift Vikings over Browns,,Fox News,2025-10-05 18:43:00,GoogleNews
Go,What is next for Penn State after critical loss at UCLA?,,Nittany Lions Wire,2025-10-05 18:43:00,GoogleNews
Go,Letting Go of Your Grown Child,,Dr. James Dobson Family Institute,2025-10-05 18:43:00,GoogleNews
Go,Jiří Procházka Lets Go For That,,UFC.com,2025-10-05 18:43:00,GoogleNews
AWS,"Amazon seeks more grassroots adoption of its AI products, relying less on salespeople","AWS seeks to boost its AI products' organic growth, while rivals such as Cursor and Windsurf see better grassroots adoption.",Business Insider,2025-09-29 17:26:13,NewsAPI
AWS,"Amazon bolsters AI agent push with new executive hires, according to internal memos","Amazon is strengthening its AI agent strategy with two new executive hires, enhancing AWS's developer tools and infrastructure for intelligent agents.",Business Insider,2025-09-15 20:49:42,NewsAPI
AWS,The Amazon executive overseeing its upcoming AI agent service is stepping down,"Dilip Kumar, who runs the Quick Suite AI agent product, is stepping down from the position, the latest AI leadership change",Business Insider,2025-09-05 19:49:17,NewsAPI
AWS,Anthropic Refuses Federal Agencies From Using Claude for Surveillance Tasks,"Anthropic has declined requests from federal law enforcement contractors to use its Claude AI models for surveillance activities, deepening tensions with the Trump administration, Semafor reported Wednesday, citing two senior officials. The company's usage po",Slashdot.org,2025-09-17 14:05:00,NewsAPI
AWS,"Amazon's AI coding assistant Q lags rivals in revenue, internal data shows","Amazon's AI coding assistant, Q Developer, lags in revenue compared to rivals, prompting changes.",Business Insider,2025-09-24 09:00:02,NewsAPI
AWS,Microsoft To Use Some AI From Anthropic In Shift From OpenAI,"Microsoft is diversifying its AI portfolio by integrating some of Anthropic's AI features into Office 365 apps. ""The move will blend Anthropic and OpenAI technology in the apps, after years in which Microsoft primarily used OpenAI for the new features in Word",Slashdot.org,2025-09-10 00:45:00,NewsAPI
AWS,Subpoena tracking platform blames outage on AWS social engineering attack,Software maker Kodex said its domain registrar fell for a fraudulent legal order A software platform used by law enforcement agencies and major tech companies to manage subpoenas and data requests went dark this week after attackers socially engineered AWS in,Theregister.com,2025-10-02 17:04:22,NewsAPI
AWS,Self Propagating NPM Malware Compromises over 40 Packages,"The popular ctrl/tinycolor package with over 2 million weekly downloads has been compromised alongside 40+ other NPM packages in a sophisticated supply chain attack. The malware self-propagates across maintainer packages, harvests AWS/GCP/Azure credentials u",Stepsecurity.io,2025-09-16 11:22:03,NewsAPI
AWS,Daily Deal: The Ultimate AWS Data Master Class Bundle,"The Ultimate AWS Data Master Class Bundle has 9 courses to get you up to speed on Amazon Web Services. The courses cover AWS, DevOPs, Kubernetes Mesosphere DC/OS, AWS Redshift, and more. Its on sale for $40. Note: The Techdirt Deals Store is powered and cura",Techdirt,2025-09-05 17:39:43,NewsAPI
AWS,Which NPM package has the largest version number?,I spent way too much time on this,Adamhl.dev,2025-09-15 03:03:18,NewsAPI
AWS,Trump's H-1B fee hike could upend Big Tech and IT outsourcing giants' hiring models,President Donald Trump's H-1B visa fee hike pressures Big Tech and IT outsourcing giants that are already dealing with tariff threats and more.,Business Insider,2025-09-22 19:34:16,NewsAPI
AWS,Big clouds scramble as EU Data Act brings new data transfer rules,"Arbitrarily inflated lock-in-tastic fees curbed as movement charges must be cost-linked Most of the provisions of the EU Data Act will officially come into force from the end of this week, requiring cloud providers to make it easier for customers to move thei",Theregister.com,2025-09-10 13:45:14,NewsAPI
AWS,Reduce bandwidth costs with dm-cache: fast local SSD caching for network storage,"Learn how Upsun solved costly inter-AZ bandwidth billing by implementing dm-cache with local SSDs, achieving 95% read traffic reduction and 30x performance improvement.",Upsun.com,2025-09-09 12:14:58,NewsAPI
AWS,Building a 30 PB storage cluster in the heart of SF,How we spent under half a million dollars to build a 30 petabyte data storage cluster in downtown San Francisco,Si.inc,2025-10-01 15:00:41,NewsAPI
AWS,Bright Vessel Powers Over 600 Clients with Scalable Digital Solutions,"Jupiter, Florida(Newsfile Corp. October 5, 2025) Bright Vessel, a leader in web development and digital solutions, has achieved a significant milestone in 2025 by helping over 600 businesses scale their digital operations. Through its tailored services in custom web development, innovative plugins, and secure hosting. Bright Vessel Empowers Clients with Digital Growth in ...",thewhig,2025-10-05 18:43:00,NewsData
AWS,AWS showcases generative AI for real-time military logistics,,Defense News,2025-10-05 18:43:00,GoogleNews
AWS,Understanding This Quiet Yet Powerful Catalyst for Amazon Stock Is Key to the Bull Thesis (Hint: It's Not AWS),,The Motley Fool,2025-10-05 18:43:00,GoogleNews
AWS,Amazon's AWS CEO chides staff for slow product rollouts,,Reuters,2025-10-05 18:43:00,GoogleNews
AWS,NBA and AWS team up to bring AI-powered stats to basketball fans,,about Amazon,2025-10-05 18:43:00,GoogleNews
AWS,"Amazon seeks more grassroots adoption of its AI products, relying less on salespeople",,Business Insider,2025-10-05 18:43:00,GoogleNews
AWS,Accelerate development with the Amazon Bedrock AgentCore MCP server Artificial Intelligence,,Amazon Web Services,2025-10-05 18:43:00,GoogleNews
AWS,"Introducing Claude Sonnet 4.5 in Amazon Bedrock: Anthropics most intelligent model, best for coding and complex agents",,Amazon Web Services,2025-10-05 18:43:00,GoogleNews
AWS,Amazon's AWS strikes AI cloud partnership with NBA,,Reuters,2025-10-05 18:43:00,GoogleNews
AWS,Amazon Bedrock Data Automation now provides support for enhancing transcriptions,,Amazon Web Services,2025-10-05 18:43:00,GoogleNews
AWS,WB Dialga8368 8240 5230,,PokemonGoRaids,2025-10-05 18:43:00,Reddit
AWS,"0 YoE, CS Freshman, Internship, HK/ UK","18 yrs old, fresh out of high school, just started university this september looking to apply for IT internships for the coming summer Something I didn't mention on my CV was my experience with Roblox game development and its main programming language, Luau, which I am semi-fluent in. I have created 4 games with a combined visit count of a million, one of them had a peak CCP (concurrent players) of 200+. Not sure if this is worth mentioning as a lot of people think roblox is a kids game. Aiming to complete the AWS AI practitioner certificate within this year and join some hackathons through my university, what else should I do to increase my chances of landing an internship? Thanks :)",resumes,2025-10-05 18:43:00,Reddit
AWS,WB Dialga8368 8240 5230,,PokemonGoRaids,2025-10-05 18:43:00,Reddit
AWS,WB Dialga8368 8240 5230,,PokemonGoRaids,2025-10-05 18:43:00,Reddit
AWS,What Are the Best Tools for Forecasting the Future?,"From Crystal Balls to Data Models: The Smartest Ways We Peer Ahead Forecasting the future is both an art and a science. Whether youre a business strategist, a policy maker, or simply planning your personal goals, knowing how to peer around the corner gives you a powerful edge. In this post, we break down the best tools for forecasting the futurefrom traditional trend analysis to cutting-edge AI models. This guide will help you understand which forecasting tools are worth your time and how to use them effectively. (Main keyword: forecasting tools) Why Forecasting Matters More Than Ever Forecasting tools help individuals and organizations make better decisions in the face of uncertainty. With data flowing in from every direction and change happening at breakneck speed, reliable forecasting is no longer optionalits strategic. Whether youre predicting sales, assessing climate impacts, or planning urban growth, the right forecasting method can: Clarify potential futures Reduce risk and uncertainty Guide strategic choices Inform resource allocation In a volatile world, forecasting is your compass. The Top Forecasting Tools (and When to Use Them) Here are some of the most widely used and reliable tools for forecasting the future: 1. Trend Analysis Best for: Identifying historical patterns to project future outcomes Example Tools: Google Trends, market research reports When to Use: Early-stage planning, marketing, retail strategy Trend analysis is like reading tree ringsthe past leaves clues. By observing patterns in consumer behavior, product lifecycles, or economic shifts, we can extrapolate likely future outcomes. 2. Time Series Models (ARIMA, Exponential Smoothing) Best for: Quantitative forecasting based on historical numerical data Example Tools: R, Python (statsmodels), Excel When to Use: Forecasting revenue, demand, or inventory These models rely on historical data to detect seasonality, trends, and cyclic patterns. Think of them as statistical microscopes tuned to time. 3. Scenario Planning Best for: Exploring multiple possible futures based on key uncertainties Example Tools: Shell Scenario Planning Framework, Futures Wheel When to Use: Strategic planning, geopolitical risk, innovation forecasting Scenario planning doesnt predict the futureit prepares you for several plausible ones. Its especially useful when the future is shaped by unpredictable variables, like regulation or social change. 4. Predictive Analytics and Machine Learning Best for: Complex, high-volume data-driven forecasts Example Tools: TensorFlow, Prophet by Meta, AWS Forecast When to Use: Personalization engines, financial markets, predictive maintenance These AI-powered models can detect hidden patterns in vast data sets. Theyre great for systems where data volume or complexity overwhelms traditional methods. Real-World Example: Forecasting Retail Demand A global apparel company used time series models and Google Trends to predict demand across 40 markets. They layered in machine learning models to detect new patterns post-COVID. As a result, they reduced overstock by 30% and improved revenue predictability. This mix-and-match approach shows how combining tools gives better foresight. Summary: Choose the Right Tool for the Forecast Forecasting is not about having one magic toolits about selecting the right one for the job. Trend analysis, statistical models, scenario planning, and AI each have their place. Use them wisely, and youll move from guessing to guiding. Want more questions that sharpen your strategic thinking? Follow QuestionClasss Question-a-Day at questionclass.com. Bookmarked for You To dive deeper into forecasting and future thinking, here are three essential reads: The Art of the Long View by Peter Schwartz A classic on scenario planning from a Shell strategist. Superforecasting by Philip Tetlock and Dan Gardner A deep dive into what makes some forecasters consistently more accurate. Prediction Machines by Ajay Agrawal, Joshua Gans, and Avi Goldfarb Explores how AI is reshaping decision-making and forecasting. QuestionStrings to Practice QuestionStrings are deliberately ordered sequences of questions in which each answer fuels the next, creating a compounding ladder of insight that drives progressively deeper understanding. What to do now (understand your assumptions): Calibration String For aligning assumptions with data: What trend am I assuming here? How recent is that data? What would make that trend reverse? Try weaving this into forecasting discussions. Itll help you spot blind spots and build better models. Forecasting isnt about certainties its about building the clearest lens possible to see ahead. The better your tools, the sharper your vision.",QuestionClass,2025-10-05 18:43:00,Reddit
