domain,skill_query,title,description,source,publishedAt,url,platform,sentiment,sentiment_score
Technology,Python,"Survey Finds More Python Developers Like PostgreSQL, AI Coding Agents - and Rust for Packages","More than 30,000 Python developers from around the world answered questions for the Python Software Foundation's annual survey ‚Äî and PSF Fellow Michael Kennedy tells the Python community what they've learned in a new blog post. Some highlights:


Most still u‚Ä¶",Slashdot.org,2025-08-25T05:34:00+00:00,https://developers.slashdot.org/story/25/08/25/0527225/survey-finds-more-python-developers-like-postgresql-ai-coding-agents---and-rust-for-packages,NewsAPI,POSITIVE,0.5509
Technology,Python,New Python Documentary Released On YouTube,"""From a side project in Amsterdam to powering AI at the world's biggest companies ‚Äî this is the story of Python,"" says the description of a new 84-minute documentary. 

Long-time Slashdot reader destinyland writes:
It traces Python all the way back to its ori‚Ä¶",Slashdot.org,2025-08-30T14:34:00+00:00,https://developers.slashdot.org/story/25/08/30/0314222/new-python-documentary-released-on-youtube,NewsAPI,NEUTRAL,0.5302
Technology,Python,"Burmese pythons in Florida digest prey, including skeletons. Here's how",Scientists have discovered a new type of cell that helps Burmese pythons digest the entire skeletons of their prey.,Palm Beach Post,2025-08-20T16:54:59+00:00,https://www.palmbeachpost.com/story/news/2025/08/20/pythons-in-florida-digest-skeletons-with-bone-digesting-cell/85708402007/,NewsAPI,NEUTRAL,0.5908
Technology,Python,Reloading Classes in Python,"For some housekeeping, if you are not signed up, also make sure to sign up for the RSS feed of my crime de-coder blog. I have not been cross posting here consistently. For the last few posts: Using‚Ä¶",Andrewpwheeler.com,2025-08-26T11:12:56+00:00,https://andrewpwheeler.com/2025/08/26/reloading-classes-in-python-and-shared-borders/,NewsAPI,NEUTRAL,0.5032
Technology,Python,Anatomy of a Python Loop,"Learn Python loops the fun way by rolling dice, casting fireballs, and finally understanding what continue really does.",Orencodes.io,2025-08-27T05:42:22+00:00,https://orencodes.io/anatomy-of-a-python-loop/,NewsAPI,POSITIVE,0.7841
Technology,Python,Python f-string cheat sheet,Get quick help with Python's f-string syntax,Fstring.help,2025-08-21T05:08:08+00:00,https://fstring.help/cheat/,NewsAPI,NEUTRAL,0.6898
Technology,Python,PYX: The next step in Python packaging,A Python-native package registry from the creators of uv.,Astral.sh,2025-08-13T18:42:49+00:00,https://astral.sh/pyx,NewsAPI,NEUTRAL,0.6147
Technology,Python,PYX: The next step in Python packaging,pyx is a Python-native package registry from the creators of uv.,Astral.sh,2025-08-13T18:42:49+00:00,https://astral.sh/blog/introducing-pyx,NewsAPI,NEUTRAL,0.6596
Technology,Python,Sharing a mutable reference between Rust and Python,"Background As part of my ongoing project to reimplement Django‚Äôs templating language in Rust, I have been adding support for custom template tags.
Simple tags The simplest custom tag will look something like:
# time_tags.py from datetime import datetime from ‚Ä¶",Lilyf.org,2025-09-03T13:30:25+00:00,https://blog.lilyf.org/posts/python-mutable-reference/,NewsAPI,NEUTRAL,0.6669
Technology,Python,Measuring Nanoparticles by Scattering a Laser,"A fundamental difficulty of working with nanoparticles is that your objects of study are too small for an optical microscope to resolve, and thus measuring their size can be quite a challenge. Of c‚Ä¶",Hackaday,2025-08-30T08:00:04+00:00,https://hackaday.com/2025/08/30/measuring-nanoparticles-by-scattering-a-laser/,NewsAPI,NEGATIVE,0.6681
Technology,Python,Python has had async for 10 years ‚Äì why isn't it more popular?,A deep-dive into the challenges and misconceptions surrounding async programming in Python,Github.io,2025-09-02T17:24:57+00:00,https://tonybaloney.github.io/posts/why-isnt-python-async-more-popular.html,NewsAPI,NEUTRAL,0.5893
Technology,Python,"Static sites with Python, uv, Caddy, and Docker",My preferred deployment stack for Python-built static sites.,Nkantar.com,2025-08-22T15:15:57+00:00,https://nkantar.com/blog/2025/08/static-python-uv-caddy-docker/,NewsAPI,POSITIVE,0.7577
Technology,Python,ThinkMesh: A Python lib for parallel thinking in LLMs,"Parallel thinking for LLMs. Confidence‚Äëgated, strategy‚Äëdriven, offline‚Äëfriendly - martianlantern/ThinkMesh",Github.com,2025-08-24T04:23:33+00:00,https://github.com/martianlantern/ThinkMesh,NewsAPI,NEUTRAL,0.501
Technology,Python,SpaCy: Industrial-Strength Natural Language Processing (NLP) in Python, Industrial-strength Natural Language Processing (NLP) in Python - explosion/spaCy,Github.com,2025-08-23T09:07:38+00:00,https://github.com/explosion/spaCy,NewsAPI,NEUTRAL,0.7932
Technology,Python,Uv format: Code Formatting Comes to uv (experimentally),"The latest uv release (0.8.13) quietly introduced an experimental new command that Python developers have been waiting for: uv format. This addition brings code formatting directly into uv‚Äôs toolkit, eliminating the need to juggle multiple tools for basic Pyt‚Ä¶",Pydevtools.com,2025-08-21T20:26:44+00:00,https://pydevtools.com/blog/uv-format-code-formatting-comes-to-uv-experimentally/,NewsAPI,POSITIVE,0.8187
Technology,Python,dbcrust: The modern database CLI that speaks your language,"The modern database CLI that speaks your language ‚Äî PostgreSQL, MySQL, SQLite with zero compromises. - clement-tourriere/dbcrust",Github.com,2025-08-16T09:22:34+00:00,https://github.com/clement-tourriere/dbcrust,NewsAPI,POSITIVE,0.5947
Technology,Python,"Whispers From The Void, Transcribed With AI","‚ÄòHearing voices‚Äô doesn‚Äôt have to be worrisome, for instance when software-defined radio (SDR) happens to be your hobby. It can take quite some of your time and attention to pull ‚Ä¶read more",Hackaday,2025-08-09T02:00:01+00:00,https://hackaday.com/2025/08/08/whispers-from-the-void-transcribed-with-ai/,NewsAPI,NEUTRAL,0.6229
Technology,Python,Reverse Engineering a (Toy) Fire Engine,Your kid has a toy remote control fire truck. You have an RTL SDR. See where this is going? [Jacob] couldn‚Äôt resist tearing into the why and how of the truck‚Äôs remote control protocol. ‚Ä¶,Hackaday,2025-09-07T02:00:00+00:00,https://hackaday.com/2025/09/06/reverse-engineering-a-toy-fire-engine/,NewsAPI,NEUTRAL,0.515
Technology,Python,Universal Tool Calling Protocol (UTCP),Official python implementation of the UTCP. Contribute to universal-tool-calling-protocol/python-utcp development by creating an account on GitHub.,Github.com,2025-08-18T11:56:03+00:00,https://github.com/universal-tool-calling-protocol/python-utcp,NewsAPI,NEUTRAL,0.6581
Technology,Python,Show HN: Omnara ‚Äì Run Claude Code from Anywhere,Omnara (YC S25) - Talk to Your AI Agents from Anywhere! - omnara-ai/omnara,Github.com,2025-08-12T16:33:38+00:00,https://github.com/omnara-ai/omnara,NewsAPI,NEUTRAL,0.8687
Technology,Python,"DTensor 101: Mesh, Layout, and SPMD in TensorFlow","DTensor adds a global, sharded-tensor model to TensorFlow. You define a device Mesh and a per-axis Layout; DTensor expands your code via SPMD, inserting collectives so ops like tf.matmul run across CPUs/GPUs/TPUs‚Äîor even multi-client setups‚Äîwith the same Python. You can replicate or shard tensors, pack/unpack components, request sharded outputs with dtensor.call_with_layout, and use dtensor.DVariable (fixed layout) instead of tf.Variable. The notebook walks through creating meshes, applying layouts, matmul sharding strategies, generating DTensor outputs, and variable semantics‚Äîsetting you up for DTensor-based distributed training.",hackernoon,2025-09-09T07:30:18,https://hackernoon.com/dtensor-101-mesh-layout-and-spmd-in-tensorflow,NewsData,NEUTRAL,0.7419
Technology,Python,Michael Palin terrified as he's held at gunpoint by armed cops - The Mirror,"Michael Palin terrified as he's held at gunpoint by armed cops The MirrorMichael Palin held at gunpoint while making new documentary in Venezuela The Independent‚ÄòHeld at gunpoint‚Äô: Michael Palin says Monty Python sketch saved him from terrifying Venezuelan ordeal London Evening StandardComedy legend, 82, held at gunpoint by police: 'Things got quite heavy' Metro.co.ukMichael Palin held at gunpoint while filming new TV series in Venezuela Yahoo News UK",google,2025-09-09T07:03:00,https://news.google.com/rss/articles/CBMigwFBVV95cUxQU0JOMjhVeTlPb2JqQnhQTmtzTS1qOTZ3VVJ3dzF4U3p4M1dwN2piYWJNSVNrbW5LSVlOWTJPUW9CR0lsS1pfbmNDZTFYNWZkT0MwSHE3MXo4eUI3am16aDJCcUo3YlJvdE4tZjFCRU9XMG9ral90Y2VheU5SNmo0RFlHUdIBiAFBVV95cUxQb0N5YWotbFZWSklDRFROcHJXNGpobWdsaTRBYWtOOUxiVktvREFYM2RZU01TYW9panRNTEExelJOaDFMS1l6MXc2ZXZNQkhYakxhbC04Tk9nLU93TmVKRVNvdGx0LU9RTWdYQ19Mc0k3dHJHWGIzdHQtRGU0Z0hkWlBoemJvUExP?oc=5,NewsData,NEUTRAL,0.5146
Technology,Python,Quantum Computing Stocks To Follow Today ‚Äì September 7th,"D-Wave Quantum, Rigetti Computing, IonQ, Booz Allen Hamilton, Quantum Computing, AmpliTech Group, and Rigetti Computing are the seven Quantum Computing stocks to watch today, according to MarketBeat‚Äôs stock screener tool. Quantum computing stocks are shares in publicly traded companies that research, develop or commercialize quantum computing hardware, software and services. Because quantum computing is still [...]",defenseworld,2025-09-09T06:34:52,https://www.defenseworld.net/2025/09/09/quantum-computing-stocks-to-follow-today-september-7th.html,NewsData,NEUTRAL,0.7251
Technology,Python,20 Popular npm Packages With 2 Billion Weekly Downloads Compromised in Supply Chain Attack,"Multiple npm packages have been compromised as part of a software supply chain attack after a maintainer's account was compromised in a phishing attack.The attack targeted Josh Junon (aka Qix), who received an email message that mimicked npm (""support@npmjs[.]help""), urging them to update their update their two-factor authentication (2FA) credentials before September 10, 2025, by clicking on",thehackernews,2025-09-09T06:13:00,https://thehackernews.com/2025/09/20-popular-npm-packages-with-2-billion.html,NewsData,NEGATIVE,0.693
Technology,Python,Son of Crocodile Hunter striving hard ahead of debut on Dancing with the Stars US,"Robert Irwin is giving his all as he prepares for his highly anticipated debut on Dancing with the Stars US, but even the famously energetic wildlife conservationist admits the training is tougher than expected.",newshd24,2025-09-09T05:08:47,https://24newshd.tv/09-Sep-2025/son-of-crocodile-hunter-striving-hard-ahead-of-debut-on-dancing-with-the-stars-us,NewsData,NEUTRAL,0.5942
Technology,Python,Michael Palin terrified as he's held at gunpoint by armed cops,Michael Palin was filming his new Channel 5 travelogue in Venezuela when he was detained by armed guards and held for hours before being let go for a hilarious reason,mirroruk,2025-09-09T05:00:00,https://www.mirror.co.uk/tv/tv-news/michael-palin-terrified-hes-held-35869721,NewsData,NEGATIVE,0.54
Technology,Python,Robert Irwin collapses and hyperventilates during intense Dancing with the Stars US rehearsals,Robert Irwin is working hard to get into shape ahead of his upcoming stint on Dancing with the Stars US.,dailymailuk,2025-09-09T04:22:42,https://www.dailymail.co.uk/tvshowbiz/article-15079025/Robert-Irwin-collapse-rehearsal-Dancing-Stars-US.html,NewsData,NEUTRAL,0.6465
Technology,Python,Hindu names for military operations: Treading a dangerous line,"The Modi government‚Äôs move aims to transform our religiously diverse, plural, and strictly secular armed forces into a weapon of Hindutva.",frontline_thehindu,2025-09-09T03:25:23,https://frontline.thehindu.com/columns/saffronisation-indian-army-hindutva-naming-military-operations-sindoor/article70025429.ece,NewsData,NEUTRAL,0.5231
Technology,Python,See 'Dracula: A Comedy of Terrors' in Fresno's Tower District,"It's a laugh-out-loud reimagining of a gothic classic and now through October 19, you have the chance to see ""Dracula: a Comedy of Terrors at the 2nd Space Theater in Fresno.",abc30,2025-09-09T00:09:33,https://abc30.com/post/see-dracula-comedy-terrors-fresnos-tower-district/17774910/,NewsData,NEUTRAL,0.5749
Technology,Python,All 5 ‚ÄòTwilight‚Äô movies are coming to theaters Halloween week: How to get tickets,The film saga will be rereleased nationwide for five consecutive days in October.,sgvtribune,2025-09-09T00:00:29,https://www.sgvtribune.com/2025/09/08/all-5-twilight-movies-are-coming-to-theaters-halloween-week-how-to-get-tickets/,NewsData,NEUTRAL,0.7577
Technology,Python,Agentic AI and the Future of Python Project Management Tooling,,Towards Data Science,2025-09-10T01:28:37.304218,https://towardsdatascience.com/agentic-ai-and-the-future-of-python-project-management-tooling/,GoogleNews,NEUTRAL,0.7578
Technology,Python,A Gentle Introduction to Docker for Python Developers,,KDnuggets,2025-09-10T01:28:37.357813,https://www.kdnuggets.com/a-gentle-introduction-to-docker-for-python-developers,GoogleNews,POSITIVE,0.5575
Technology,Python,Are pythons slithering out of the Everglades and into Florida homes? See videos,,The Palm Beach Post,2025-09-10T01:28:37.385765,https://www.palmbeachpost.com/story/news/local/2025/09/07/florida-pythons-videos-massive-snakes-invading-homes-yards/86028297007/,GoogleNews,NEUTRAL,0.661
Technology,Python,I Spent a Grueling 10 Days Doing Nothing but Catching Pythons. Then Something Incredible Happened.,,Slate,2025-09-10T01:28:37.422036,https://slate.com/life/2025/09/florida-snake-woman-python-challenge-2025.html,GoogleNews,POSITIVE,0.7803
Technology,Python,Exploring Merit Order and Marginal Abatement Cost Curve in Python,,Towards Data Science,2025-09-10T01:28:37.458396,https://towardsdatascience.com/merit-order-and-marginal-abatement-cost-curve-in-python/,GoogleNews,NEUTRAL,0.8246
Technology,Python,Rust: Python‚Äôs New Performance Engine,,The New Stack,2025-09-10T01:28:37.490483,https://thenewstack.io/rust-pythons-new-performance-engine/,GoogleNews,NEUTRAL,0.7373
Technology,Python,Python usage growing while Foundation struggles for funds,,theregister.com,2025-09-10T01:28:37.518743,https://www.theregister.com/2025/08/19/python_survey/,GoogleNews,NEUTRAL,0.6806
Technology,Python,Meet Elysia: A New Open-Source Python Framework Redefining Agentic RAG Systems with Decision Trees and Smarter Data Handling,,MarkTechPost,2025-09-10T01:28:37.546766,https://www.marktechpost.com/2025/09/01/meet-elysia-a-new-open-source-python-framework-redefining-agentic-rag-systems-with-decision-trees-and-smarter-data-handling/,GoogleNews,NEUTRAL,0.5716
Technology,Python,"TAG-150 Develops CastleRAT in Python and C, Expanding CastleLoader Malware Operations",,The Hacker News,2025-09-10T01:28:37.589486,https://thehackernews.com/2025/09/tag-150-develops-castlerat-in-python.html,GoogleNews,NEUTRAL,0.8038
Technology,Python,Florida deploys robot rabbits to control invasive Burmese python population,,CBS News,2025-09-10T01:28:37.625368,https://www.cbsnews.com/news/burmese-pythons-robot-rabbits-florida-invasive-species/,GoogleNews,NEUTRAL,0.625
Technology,Python,"Sketch Saved ‚ÄòMonty Python‚Äô Star Michael Palin, 82, While Held at Gunpoint by Police in Venezuela",,The Daily Beast,2025-09-10T01:28:37.656999,https://www.thedailybeast.com/obsessed/sketch-saved-monty-python-star-michael-palin-82-while-held-at-gunpoint-by-police-in-venezuela/,GoogleNews,NEUTRAL,0.6198
Technology,Python,Python captured after being spotted near school campus,,KY3,2025-09-10T01:28:37.699205,https://www.ky3.com/2025/08/22/python-captured-after-being-spotted-near-school-campus/,GoogleNews,NEUTRAL,0.8046
Technology,Python,APT37 Deploys New Rust and Python Malware Against Windows Systems,,Cyber Press,2025-09-10T01:28:37.727860,https://cyberpress.org/apt37-malware/,GoogleNews,NEUTRAL,0.6875
Technology,Python,Brand New Python Hunters,,Hernando Sun,2025-09-10T01:28:37.761663,https://www.hernandosun.com/2025/09/03/brand-new-python-hunters/,GoogleNews,NEUTRAL,0.8625
Technology,Python,John Cleese ponders popularity of 'Monty Python and the Holy Grail' ahead of Daytona show,,Daytona Beach News-Journal,2025-09-10T01:28:37.788915,https://www.news-journalonline.com/story/entertainment/movies/2025/09/09/john-cleese-and-holy-grail-make-daytona-beach-tour-stop/85952273007/,GoogleNews,NEUTRAL,0.7967
Technology,Python,Python captured in Newberry County on display at SC serpentarium,,WIS News 10,2025-09-10T01:28:37.826788,https://www.wistv.com/2025/09/04/python-captured-newberry-county-display-sc-serpentarium/,GoogleNews,NEUTRAL,0.8972
Technology,Python,How to spin Python‚Äôs challenges into AI gold,,InfoWorld,2025-09-10T01:28:37.857902,https://www.infoworld.com/article/4052480/how-to-spin-pythons-challenges-into-ai-gold.html,GoogleNews,NEUTRAL,0.758
Technology,Python,APT37 Deploys New Rust and Python Malware Targeting Windows Systems,,gbhackers.com,2025-09-10T01:28:37.891874,https://gbhackers.com/rust-and-python-malware/,GoogleNews,NEUTRAL,0.7141
Technology,Python,New APT37 Attacking Windows Machines With New Rust and Python Based Malware,,CybersecurityNews,2025-09-10T01:28:37.925763,https://cybersecuritynews.com/new-apt37-attacking-windows-machines/,GoogleNews,NEUTRAL,0.7898
Technology,Python,‚ÄòHeld at gunpoint‚Äô: Michael Palin says Monty Python sketch saved him from terrifying Venezuelan ordeal,,MSN,2025-09-10T01:28:37.960031,https://www.msn.com/en-gb/news/uknews/held-at-gunpoint-michael-palin-says-monty-python-sketch-saved-him-from-terrifying-venezuelan-ordeal/ar-AA1McrFC,GoogleNews,NEUTRAL,0.6742
Technology,Python,Remote Job - Binance - Application Security Engineer,"üßë‚Äçüíª Level: midLevel

üìå Location: remote

üåÜ City: Dubai, AE

üóì Type: fullTime

üíµ Salary: 0k - 0k AED (annual)

Description: ## Application Security Engineer
UAE, Dubai / Bulgaria, Sofia / Romania, Bucharest / Taiwan, Taipei / UAE, Abu Dhabi
Security &amp; IT Helpdesk ‚Äì Security /
Full-time: Remote /
Remote
Binance is a leading global blockchain ecosystem behind the world‚Äôs largest cryptocurrency exchange by trading volume and registered users. We are trusted by over 280 million people in 100+ countries for our industry-leading security, user fund transparency, trading engine speed, deep liquidity, and an unmatched portfolio of digital-asset products. Binance offerings range from trading and finance to education, research, payments, institutional services, Web3 features, and more. We leverage the power of digital assets and blockchain to build an inclusive financial ecosystem to advance the freedom of money and improve financial access for people around the world.
### Responsibilities
    * Enhance and maintain the security postures of Binance‚Äôs affiliates specializing in DeFi and Web3
    * Serve as the first responder for security issues identified through penetration tests, bug bounty programs, and assessments
    * Analyze penetration test findings and implement code-level solutions to resolve vulnerabilities
    * Collaborate on engineering architecture design, suggesting improvements to system security
    * Integrate third-party blockchain security vendor solutions to enhance overall protection
    * Evaluate and incorporate AI tools for security issue detection throughout the SDLC, automating these processes in CI pipelines


### Requirements
    * 2+ years of full-time iOS development experience, or experience developing mobile applications using Kotlin and Java with the Android SDK
    * Solid experience in at least two technical languages in Java/Swift/Kotlin/Go/Python/Rust
    * Experience developing client-server applications with secure communication protocols
    * Familiar with mobile security techniques, common weaknesses and mitigations
    * Passion for cryptocurrency, DeFi, smart contracts, and blockchain security
    * Team player with a quick-learning mindset
    * Strong problem-solving skills and the ability to work independently


### Nice to Have
    * Experience with bug bounty programs
    * Knowledge of blockchains, DeFi design patterns, wallet security and common Web3 security vulnerabilities
    * Hands-on experience with smart contract auditing and development in Solidity or Rust
    * Active GitHub portfolio or contributions to popular libraries/projects


**Why Binance**
‚Ä¢ Shape the future with the world‚Äôs leading blockchain ecosystem
‚Ä¢ Collaborate with world-class talent in a user-centric global organization with a flat structure
‚Ä¢ Tackle unique, fast-paced projects with autonomy in an innovative environment
‚Ä¢ Thrive in a results-driven workplace with opportunities for career growth and continuous learning
‚Ä¢ Competitive salary and company benefits
‚Ä¢ Work-from-home arrangement (the arrangement may vary depending on the work nature of the business team)
Binance is committed to being an equal opportunity employer. We believe that having a diverse workforce is fundamental to our success.
_By submitting a job application, you confirm that you have read and agree to our_** _Candidate Privacy Notice_** _._
Binance Home Page
Jobs powered by 


Visit https://jobhuntify.com for more remote jobs.",jobhuntify,2025-09-10T01:22:15,https://reddit.com/r/jobhuntify/comments/1nct60z/remote_job_binance_application_security_engineer/,Reddit,POSITIVE,0.5265
Technology,Python,Using Folium in Python to render the soil sample data collected for a potential lode claim,,MetalsOnReddit,2025-09-10T01:20:01,https://reddit.com/r/MetalsOnReddit/comments/1nct3sf/using_folium_in_python_to_render_the_soil_sample/,Reddit,NEUTRAL,0.8959
Technology,Python,"[0 YoE, Recent Graduate, Entry Level Analyst, Calgary]","Hi everyone! I graduated university last year and I have been struggling since to get a job or many interviews. I appreciate all constructive criticism, I just need to know what‚Äôs wrong with my resume and how I can improve it. Thank you.
",resumes,2025-09-10T01:19:54,https://reddit.com/r/resumes/comments/1nct3nn/0_yoe_recent_graduate_entry_level_analyst_calgary/,Reddit,NEUTRAL,0.4389
Technology,Python,Should I buy this course or MOOC from university of helsinki? I need to learn python for a project. {found angela yu's course on telegram tho},"So I am doing a project that I need to do python for, new to python also kinda new to programming

I want to create a game style simmulator for proggraming problems so I am learning python",Btechtards,2025-09-10T01:15:44,https://reddit.com/r/Btechtards/comments/1ncszh3/should_i_buy_this_course_or_mooc_from_university/,Reddit,NEUTRAL,0.6804
Technology,Python,"[Student] Looking for Summer 2026 SWE Internships, getting rejections and/or no responses","Targeting SWE internships for Summer 2026. Located in the US, holding US citizenship, and attending a state university. Applying to as many internships as I can find, but not receiving responses and/or getting rejections. Resume improvement suggestions are greatly appreciated.

https://preview.redd.it/4srqc5lf07of1.png?width=5100&amp;format=png&amp;auto=webp&amp;s=4ddc37a33993c41134d00560fdb281ae27441051

",EngineeringResumes,2025-09-10T01:15:28,https://reddit.com/r/EngineeringResumes/comments/1ncsz6x/student_looking_for_summer_2026_swe_internships/,Reddit,NEUTRAL,0.5149
Technology,Python,"[0 YoE] - New grad, please help review my resume. Any advice welcome, thank you!","# [0 YoE] - New grad, please help review my resume. Any advice welcome, thank you!

https://preview.redd.it/xv0fxdxa07of1.jpg?width=5100&amp;format=pjpg&amp;auto=webp&amp;s=481afbc4173df620f84a6db6592e2471093e0f74

",EngineeringResumes,2025-09-10T01:14:01,https://reddit.com/r/EngineeringResumes/comments/1ncsxpc/0_yoe_new_grad_please_help_review_my_resume_any/,Reddit,POSITIVE,0.8832
Technology,Python,"Assignment Help Available!
Need urgent assistance? Contact me at:  
üí¨ Discord: dr.nicho","‚ñéServices Offered:



‚Ä¢ üßÆ Complex Math: Mastery in Algebra, Calculus, Geometry, and Statistics.  

‚Ä¢ üíª Coding: Proficient in Algorithms, Data Structures, Python, Java, and more.  

‚Ä¢ üé® 3D Modeling: Expertise in Blender, Autodesk Maya, Unity, and Unreal Engine.  

‚Ä¢ üìù Essay Writing: Support for essays, research papers, theses, dissertations, and more tailored to your specific needs.  

‚Ä¢ üî¨ Biology &amp; Chemistry: Comprehensive coverage including Bioinformatics, Anatomy, Genetics, Biochemistry, and more.  

‚Ä¢ üìö History: In-depth research and writing assistance.  

‚Ä¢ üìä Statistics: Proficient in Excel, RStudio, SPSS, and data analysis techniques.  



I specialize in a diverse range of subjects to help you succeed academically. Reach out for personalized support today!

üí¨ Discord: dr.nichoAssignment Help Available!

Need urgent assistance? Contact me at:  

üí¨ Discord: dr.nicho



‚ñéServices Offered:



‚Ä¢ üßÆ Complex Math: Mastery in Algebra, Calculus, Geometry, and Statistics.  

‚Ä¢ üíª Coding: Proficient in Algorithms, Data Structures, Python, Java, and more.  

‚Ä¢ üé® 3D Modeling: Expertise in Blender, Autodesk Maya, Unity, and Unreal Engine.  

‚Ä¢ üìù Essay Writing: Support for essays, research papers, theses, dissertations, and more tailored to your specific needs.  

‚Ä¢ üî¨ Biology &amp; Chemistry: Comprehensive coverage including Bioinformatics, Anatomy, Genetics, Biochemistry, and more.  

‚Ä¢ üìö History: In-depth research and writing assistance.  

‚Ä¢ üìä Statistics: Proficient in Excel, RStudio, SPSS, and data analysis techniques.  



I specialize in a diverse range of subjects to help you succeed academically. Reach out for personalized support today!

üí¨ Discord: dr.nicho",Essay_Writing_Lounge,2025-09-10T01:13:30,https://reddit.com/r/Essay_Writing_Lounge/comments/1ncsx7v/assignment_help_available_need_urgent_assistance/,Reddit,NEUTRAL,0.7219
Technology,Python,[OC] Apple Event 2025: Most Frequently Used Adjectives in the Presentation,"**Tools:** Python, NLTK (WordNet), matplotlib, pysrt, yt-dlp  
**Data source:** Apple Event 2025 subtitle file (.srt) downloaded from youtube ([youtube video link](https://www.youtube.com/watch?v=H3KnMyojEQU))  
**Notes:** Some words were filtered out (e.g. ""just"", ""made"", ""every"")

",dataisbeautiful,2025-09-10T01:09:46,https://reddit.com/r/dataisbeautiful/comments/1ncsti1/oc_apple_event_2025_most_frequently_used/,Reddit,NEUTRAL,0.7104
Technology,Python,Python Super Resolution spetrum without Fast Furier Transform FFT,,Data_Visualization_PY,2025-09-10T01:07:57,https://reddit.com/r/Data_Visualization_PY/comments/1ncsrqk/python_super_resolution_spetrum_without_fast/,Reddit,NEUTRAL,0.8212
Technology,Python,"[0 YoE, Student, Graduate Software Engineer, UK]","International CS student going into my final year of study, looking to get some advice on the CV as a whole before the bulk of graduate applications. I'm applying to pretty much every sector (tech, fintech, investment banking, insurance, quant, commodities), though mainly targeting tech and ib.",resumes,2025-09-10T01:07:07,https://reddit.com/r/resumes/comments/1ncsqxk/0_yoe_student_graduate_software_engineer_uk/,Reddit,NEUTRAL,0.7913
Technology,Python,First time using Manim - an introduction to how PDF's work &amp; abusing them to make simple games,"I did it! First time making a manim project and oh wow I bit off more than I could chew. Video took me 5 months to make, but I chugged along at it for a few hours a day, and eventually it's done.

Coding code blocks are a bit of a struggle... can't resize the code mobject the way I want. so if I wanted a wider code block I'd add a bunch of spaces and a period at the last line.

There's also a really weird error where if the code block is too large, manim breaks and refuses to render the scene? I had to work with GitHub screenshots instead for that part.

Overall it was a grueling process, between coding -&gt; waiting for python to render it -&gt; look at it and see if it was fine -&gt; make fixes and repeat until decent. Putting the video together took waaaay longer than the actual project itself, but I persevere. I hope the process didn't cloud my judgement and the final result was decent!",manim,2025-09-10T01:06:56,https://reddit.com/r/manim/comments/1ncsqrs/first_time_using_manim_an_introduction_to_how/,Reddit,NEGATIVE,0.4812
Technology,Python,Buying advice: ThinkPad X1 Carbon G11 vs T14s Gen 4,"Hi everyone,

I need a new laptop and could really use some advice. After some disappointing experiences with my previous HP notebook (loud fan noise even when idle and a display with mayjor quality issues), I‚Äôm planning to switch to Lenovo.

¬†

Here‚Äôs what I‚Äôm looking for:

* A solid battery life for working on the go (ideally 4‚Äì6 hours).
* A quiet laptop for regular office tasks like Word, Outlook, Excel, and light Python coding.

¬†

On the thinkpad website there are some discounted models and the following two models seem promising:

1. **ThinkPad X1 Carbon G11**
   * Intel i5-1345U
   * 32 GB RAM
   * 512 GB SSD
   * 500 cd/m¬≤ IPS touch display
   * No OS
   * Price: \~‚Ç¨1100
2. **ThinkPad T14s Gen 4**
   * AMD Ryzen 7 PRO 7840U
   * 32 GB RAM
   * 512 GB SSD
   * 500 cd/m¬≤ IPS touch display
   * No OS
   * Price: \~‚Ç¨1250 *(The T14s can be customized, e.g., choosing a non-touch display with less brightness for ‚Ç¨200 less)*

¬†

I know these are not the newest models, but they seem like solid options for my budget. That said, I have a few questions:

1. Are there any downsides to buying an older model like these?
2. Which of these models would you recommend in terms of overall quality and quiet performance during normal office work?
3. For the T14s, do you think it‚Äôs worth the ‚Ç¨200 extra for the multitouch screen and slightly brighter display? Will this affect battery life significantly?

¬†

Also, if you have any other suggestions or alternatives, feel free to share! One thing I personally value is having non-soldered RAM, but I haven‚Äôt found any suitable configurations without them being either too expensive or having other drawbacks.

Thanks in advance for your help!",thinkpad,2025-09-10T01:05:52,https://reddit.com/r/thinkpad/comments/1ncsprc/buying_advice_thinkpad_x1_carbon_g11_vs_t14s_gen_4/,Reddit,NEUTRAL,0.5125
Technology,Python,SOME NFL BANGERS! PYLON PYTHON Ws‚Ä¶,Pylon Python is the best NFL page around üêç,sportsbetting,2025-09-10T01:03:30,https://reddit.com/r/sportsbetting/comments/1ncsnf3/some_nfl_bangers_pylon_python_ws/,Reddit,POSITIVE,0.9596
Technology,Python,Using Folium in Python to render the soil sample data collected for a potential lode claim,"Finally recovering from terrible virus, and prototyping some geochem mapping utilities using python and folium. 

You can take the data you receive in CSV format from the analytical lab of your choice, run it through Folium, and generate point or heat maps for looking for lode deposits under cover.

Now I can take soil samples for icp-ms from hiking in the warm months and map out interesting lode deposits under cover using point maps or heat maps through the winter.

I was going to use QGIS or SAGA GIS for this initially, but Leaflet / Folium / Python were super flexible for this purpose.

Is anyone collecting soil samples for other testing, or using ICP-MS testing and generating maps like this? 

I've seen similar maps to this in Shawn Ryan's claim filings up around Dawson City, and one of his TED talks inspired me to actually try this myself this year.

Also, the data above is dummy data and is not the same as the latest geochemical survey data for this valley from the analytical lab I use.",Prospecting,2025-09-10T01:01:47,https://reddit.com/r/Prospecting/comments/1ncslp9/using_folium_in_python_to_render_the_soil_sample/,Reddit,NEUTRAL,0.5889
Technology,Python,AI coding tools let me scale my freelance work - should I make the jump full-time?,"I‚Äôm currently working as a **Senior Python Developer** at a company, but in parallel I‚Äôve also been freelancing as a **software developer**.

What really surprised me is how much *video coding* (AI-assisted coding) has helped me **speed up delivery times**. For example, this month I‚Äôm handling **3 large projects simultaneously**, which lets me spend more time supervising, testing, and making sure everything runs smoothly ‚Äî and I rarely need to go back and fix things.

Over the past 6 months, I‚Äôve completed **18 freelance projects**; only **2 had issues with client or project**, and those were due to client/business details rather than development mistakes.

This makes me seriously consider **devoting more time to freelancing**, or even making it my main focus.

What do you think? Has anyone here transitioned from a stable full-time role to freelancing full-time thanks to these kinds of tools?",vibecoding,2025-09-10T01:01:33,https://reddit.com/r/vibecoding/comments/1ncslgo/ai_coding_tools_let_me_scale_my_freelance_work/,Reddit,POSITIVE,0.7007
Technology,Python,Not able to to send POST data to HTTP Accept,"If I use Automate's own HTTP Request block to send POST data to HTTP Accept, it works.

If I make a javascript POST request to the HTTP Accept in my browser without actually passing any data, it works. Even if I pass an empty string as the data, it also works.

But If I make that same javascript request passing in any data at all, even a string with just a single space, it fails (flow stays on the HTTP Accept block), with the HTTP error showing 408.

I tried to look at the request headers in each case to possibly debug the issue. Since I cannot see the headers of the rejected request using HTTP Accept block since flow stays paused on the block in that case, I made the two same requests (i.e. one with Automate's HTTP Request, one through javascript in my browser) to a local python HTTP server on my computer instead of making them to the HTTP Accept block. Here are the headers from each:

From HTTP Request block:

    POST / HTTP/1.1
    Content-Type: text/plain
    Connection: close
    User-Agent: Dalvik/2.1.0 (Linux; U; Android 13; IN2025 Build/RKQ1.211119.001)
    Host: 192.168.1.9:8000
    Accept-Encoding: gzip
    Content-Length: 1

From javascript:

    POST / HTTP/1.1
    Host: 192.168.1.9:8000
    Connection: keep-alive
    Content-Length: 1
    User-Agent: Mozilla/5.0 (Linux; Android 10; K) AppleWebKit/537.36 (KHTML, like Gecko) Chrome/140.0.0.0 Mobile Safari/537.36 EdgA/140.0.0.0
    DNT: 1
    content-type: text/plain
    Accept: */*
    Accept-Encoding: gzip, deflate
    Accept-Language: en-US,en;q=0.9

  
I thought hmm, maybe small chance the lower-case ""content-type"" header is the issue, maybe HTTP Accept is case-sensitive when reading these headers? But nope, I forced the HTTP Request block to send lower-case content-type by overriding the header, it still worked. So it's something else. Help please?!",AutomateUser,2025-09-10T01:00:16,https://reddit.com/r/AutomateUser/comments/1ncsk5y/not_able_to_to_send_post_data_to_http_accept/,Reddit,NEUTRAL,0.5632
Technology,Python,Link elif to future elif.,"hello all, i'm very new to python and trying to play around with it to learn more myself. I am messing with the choose your own adventure in Angela Yu's course but expanding on it. 

i want to do a choice1. with an elif that keeps the player alive. But then link it to a different option. for example: 

Choice 1, walking through a field:

A. you turn right, die

B. you turn left, you live

C. You run forward. new option

Aa. after running forward you turn left. die

Ba. you turn right, live



Choice 2 

A. Blah

B. Blah

C. Blah



Choice 3, Walking through a forest:  
You meet a man. 

A. you offer him food, die.

B. you offer him a hand, die

C. You kick him, you carry on.

  
If they choose choice1 B. they move to choice 2. But if they choose C they have a second chance to carry on. I want them to choose Ba and it takes them to Choice 3. How would i do this? ",learnpython,2025-09-10T00:58:27,https://reddit.com/r/learnpython/comments/1ncsicf/link_elif_to_future_elif/,Reddit,NEUTRAL,0.6185
Technology,Python,roast my resume,"I am from a local top-target but non-target in london. (I was able to get a superday from goldman sachs london for summer analyst 2025 but was not selected, for context since gs do not have an office locally). I am essentially interested in Trading but can not land a freaking internsip or ft role in trading even though people land these mentioned internships as their first internship, I mean I can not even pass the screening (both locally and london) what do you think my problem is in my resume.",FinancialCareers,2025-09-10T00:58:03,https://reddit.com/r/FinancialCareers/comments/1ncshwz/roast_my_resume/,Reddit,NEGATIVE,0.7117
Technology,Python,Suggestions for a complete novice to learn Python?,"I have plenty of time and luckily no major financial concerns. If that were the case, how would you suggest someone go about learning Python? Classes? One on one instruction? I feel I do better with accountability so just watching videos or something purely web based with no oversight might not be best for me. Appreciate any replies. And I'm new here, sorry I'm sure this has been discussed a billion times here. ",learnpython,2025-09-10T00:57:41,https://reddit.com/r/learnpython/comments/1ncshjz/suggestions_for_a_complete_novice_to_learn_python/,Reddit,NEUTRAL,0.4459
Technology,Python,Can I save this?,"I feel like I gave Linhardt the wrong set of skills, can I save this unit? (Just got R! Noire and Im wondering if i should give her to Linhardt or my Python).",FireEmblemHeroes,2025-09-10T00:57:03,https://reddit.com/r/FireEmblemHeroes/comments/1ncsgwz/can_i_save_this/,Reddit,NEGATIVE,0.6629
Technology,PyTorch,DINOv3,Reference PyTorch implementation and models for DINOv3 - facebookresearch/dinov3,Github.com,2025-08-14T20:02:46+00:00,https://github.com/facebookresearch/dinov3,NewsAPI,NEUTRAL,0.8996
Technology,PyTorch,PYX: The next step in Python packaging,A Python-native package registry from the creators of uv.,Astral.sh,2025-08-13T18:42:49+00:00,https://astral.sh/pyx,NewsAPI,NEUTRAL,0.6147
Technology,PyTorch,Meta Superintelligence Labs is already losing key staff less than two months after launch,"Some of Meta's AI talent is moving to competitors like OpenAI, Anthropic, and emerging startups.",Business Insider,2025-08-27T00:08:27+00:00,https://www.businessinsider.com/meta-superintelligence-team-researchers-exit-ai-push-2025-8,NewsAPI,NEGATIVE,0.4736
Technology,PyTorch,Speeding up PyTorch inference by 87% on Apple with AI-generated Metal kernels,Our lab investigated whether frontier models can write optimized GPU kernels for Apple devices to speed up inference. We found that they can: our AI-generated Metal kernels were 1.87x faster across 215 PyTorch modules.,Gimletlabs.ai,2025-09-03T17:03:35+00:00,https://gimletlabs.ai/blog/blog/ai-generated-metal-kernels,NewsAPI,POSITIVE,0.888
Technology,PyTorch,PYX: The next step in Python packaging,pyx is a Python-native package registry from the creators of uv.,Astral.sh,2025-08-13T18:42:49+00:00,https://astral.sh/blog/introducing-pyx,NewsAPI,NEUTRAL,0.6596
Technology,PyTorch,QBTS Secures $819M Cash War Chest for Future R&D: Upside Ahead?,"QBTS builds a record $819M cash pile to fuel R&D, expand globally and pursue acquisitions, with analysts eyeing near-term upside.",Yahoo Entertainment,2025-08-19T14:14:00+00:00,https://finance.yahoo.com/news/qbts-secures-819m-cash-war-141400307.html,NewsAPI,POSITIVE,0.8176
Technology,PyTorch,Tencent Open Sourced a 3D World Model,"Voyager is an interactive RGBD video generation model conditioned on camera trajectory, and supports real-time 3D reconstruction. - Tencent-Hunyuan/HunyuanWorld-Voyager",Github.com,2025-09-03T11:07:16+00:00,https://github.com/Tencent-Hunyuan/HunyuanWorld-Voyager,NewsAPI,NEUTRAL,0.8141
Technology,PyTorch,Thunder Compute (YC S24) Is Hiring,"Company
Thunder Compute is the cheapest, easiest GPU cloud for developers. We‚Äôre a 4-person, seed-funded team (approaching Series A) with 100%+ MoM growth. 100% in-person, 6 days per week in SF. Our virtualization stack exposes network-attached GPUs over TCP,‚Ä¶",Hacker News,2025-08-29T17:00:04+00:00,https://www.ycombinator.com/companies/thunder-compute/jobs/sS6QzTi-founding-developer-advocate-contract-to-hire,NewsAPI,POSITIVE,0.8804
Technology,PyTorch,"Quantum Stocks Q2 2025: Are D-Wave, IonQ & Rigetti Funding the Future?","D-Wave, IonQ and Rigetti post strong Q2 sales, incur steeper losses and have billion-dollar cash reserves to drive quantum breakthroughs.",Yahoo Entertainment,2025-08-15T17:00:00+00:00,https://finance.yahoo.com/news/quantum-stocks-q2-2025-d-170000401.html,NewsAPI,NEUTRAL,0.5191
Technology,PyTorch,Alibaba looks to end reliance on Nvidia for AI inference,"Chinese cloud provider reportedly joins the homegrown silicon party
Alibaba has reportedly developed an AI accelerator amid growing pressure from Beijing to curb the nation's reliance on Nvidia GPUs.¬†‚Ä¶",Theregister.com,2025-08-29T20:35:07+00:00,https://www.theregister.com/2025/08/29/china_alibaba_ai_accelerator/,NewsAPI,NEUTRAL,0.7926
Technology,PyTorch,Prompting by Activation Maximization,Presenting prompt synthesis by activation maximization.,Joecooper.me,2025-08-13T13:28:25+00:00,https://joecooper.me/blog/activation/,NewsAPI,NEUTRAL,0.7016
Technology,PyTorch,"What the interns have wrought, 2025","Yet again, we‚Äôre at the end of our internship season, and so it‚Äôs time to summarize whatthe interns were up to!",Janestreet.com,2025-08-29T10:15:58+00:00,https://blog.janestreet.com/wrought-2025/,NewsAPI,NEUTRAL,0.6968
Technology,PyTorch,Show HN: Lue ‚Äì Terminal eBook Reader with Text-to-Speech,Terminal eBook Reader with Text-to-Speech. Contribute to superstarryeyes/lue development by creating an account on GitHub.,Github.com,2025-08-16T18:00:33+00:00,https://github.com/superstarryeyes/lue,NewsAPI,NEUTRAL,0.7064
Technology,PyTorch,WiFi-3D-Fusion ‚Äì Real-time 3D motion sensing with Wi-Fi,"WiFi-3D-Fusion is an open-source research project that leverages WiFi CSI signals and deep learning to estimate 3D human pose, fusing wireless sensing with computer vision techniques for next-gener...",Github.com,2025-08-25T23:26:42+00:00,https://github.com/MaliosDark/wifi-3d-fusion,NewsAPI,NEUTRAL,0.7363
Technology,PyTorch,"I upscale my old photos with a local image model, here's how",Locally-hosted image upscalers are surprisingly good at enhancing low-resolution images,XDA Developers,2025-08-19T22:00:10+00:00,https://www.xda-developers.com/i-upscale-my-old-photos-with-a-local-image-model/,NewsAPI,POSITIVE,0.8989
Technology,PyTorch,SpaCy: Industrial-Strength Natural Language Processing (NLP) in Python, Industrial-strength Natural Language Processing (NLP) in Python - explosion/spaCy,Github.com,2025-08-23T09:07:38+00:00,https://github.com/explosion/spaCy,NewsAPI,NEUTRAL,0.7932
Technology,PyTorch,The Most Important Machine Learning Equations: A Comprehensive Guide,Musings of a Deep Learning Enthusiast.,Github.io,2025-08-28T11:38:44+00:00,https://chizkidd.github.io//2025/05/30/machine-learning-key-math-eqns/,NewsAPI,POSITIVE,0.6346
Technology,PyTorch,How big are our embeddings now and why?,Embedding sizes and architectures have changed remarkably over the past 5 years,Vickiboykis.com,2025-09-02T11:45:46+00:00,https://vickiboykis.com/2025/09/01/how-big-are-our-embeddings-now-and-why/,NewsAPI,NEUTRAL,0.781
Technology,PyTorch,Writing Speed-of-Light Flash Attention for 5090 in CUDA C++,"In this post, I will walkthrough how I learned to implement Flash Attention for 5090 in CUDA C++. The main objective is to learn writing attention in CUDA C++, since many features are not available in Triton, such as MXFP8 / NVFP4 MMA for sm120. I also feel t‚Ä¶",Github.io,2025-08-23T12:29:02+00:00,https://gau-nernst.github.io/fa-5090/,NewsAPI,NEUTRAL,0.652
Technology,PyTorch,"Acer joins Nvidia GB10 superchip fan club with $3,999 Veriton AI mini workstation PC - and yes, you can link two to get even more power","Acer unveils Veriton GN100 compact AI workstation with Nvidia GB10 superchip at $3,999, with support for linking two devices for added compute capacity.",TechRadar,2025-09-03T21:01:00+00:00,https://www.techradar.com/pro/acer-joins-nvidia-gb10-superchip-fan-club-with-usd3-999-veriton-ai-mini-workstation-pc-and-yes-you-can-link-two-to-get-even-more-power,NewsAPI,POSITIVE,0.7455
Technology,PyTorch,Qubrid AI Launches Startup Accelerator Program Aimed At Supporting Early-Stage And Growth-Phase AI Startups,,enterprisetalk,2025-09-09T06:30:00,https://enterprisetalk.com/quick-bytes/qubrid-ai-launches-startup-accelerator-program-aimed-at-supporting-early-stage-and-growth-phase-ai-startups,NewsData,NEUTRAL,0.6134
Technology,PyTorch,How to Develop an AI Avatar Generator App Like Lensa AI?,"Having an AI Avatar Generator App is now a popular and cutting-edge startup and development project. An AI Avatar Generator App uses advanced artificial intelligence and machine learning algorithms to transform user pictures into an original, individualized avatar using style-transfer neural networks. The avatars created by Avatars that are rendered by Lensa AI are highly [...]The post How to Develop an AI Avatar Generator App Like Lensa AI? appeared first on TechBullion.",techbullion,2025-09-08T17:26:12,https://techbullion.com/how-to-develop-an-ai-avatar-generator-app-like-lensa-ai/,NewsData,POSITIVE,0.7309
Technology,PyTorch,"Qubrid AI Launches Startup Accelerator Program with Up to $100,000 in GPU Cloud Credits, Premium AI/ML Tools, and Expert Mentorship","MCLEAN, Va., Sept. 8, 2025 /PRNewswire/ -- Qubrid AI, a leading provider of GPU cloud infrastructure and AI software solutions, today announced the launch of its Startup Accelerator Program, designed to empower early-stage and growth-stage AI startups with the infrastructure, tools, and...",cision,2025-09-08T15:23:00,https://www.prnewswire.com/news-releases/qubrid-ai-launches-startup-accelerator-program-with-up-to-100-000-in-gpu-cloud-credits-premium-aiml-tools-and-expert-mentorship-302549307.html,NewsData,POSITIVE,0.5452
Technology,PyTorch,Neuromorphic computing and the future of edge AI,"By now, most IT professionals are well aware of the current CPU/GPU hardware architecture used for AI and the associated problems with power, cooling and connectivity. While these architectures have enabled breakthrough AI capabilities, they also face serious physical and operational constraints:Power consumption. A single data-center-grade GPU can draw 300‚Äì700 watts, and large training runs often require thousands of them operating in parallel.Cooling requirements. A high power draw results in significant thermal output, necessitating extensive liquid or air cooling systems, which add cost and complexity.Bandwidth bottlenecks. Moving massive datasets between memory, storage and compute units strains interconnects, introducing delays and consuming more energy.Latency. Even with high-speed networking, inference requests routed to cloud-based GPU clusters face network latency ‚Äî problematic for time-critical applications such as robotics, autonomous vehicles or cybersecurity defense.These constraints are pushing researchers and industry toward alternative computing architectures that can deliver high performance with drastically lower energy and infrastructure demands.Recently, many of my peers have been speculating about the effect quantum computing (QC) will have on AI, as if that will be the next big catalyst for AI to dominate everything. But due tovquantum‚Äôs major hurdles ‚Äî qubit instability, error correction overhead and the need for cryogenic cooling ‚Äî they are costly and impractical for the continuous, large-scale workloads that drive modern AI.While QC captures the mainstream headlines, neuromorphic computing has positioned itself as a force in the next era of AI. While conventional AI relies heavily on GPU/TPU-based architectures, neuromorphic systems mimic the parallel and event-driven nature of the human brain. The recently announced Darwin Monkey 3 by the Chinese Academy of Sciences signals a new stage in this race. With claims of outperforming traditional supercomputers in edge and energy‚Äêconstrained environments, the DM3 invites analysis of its potential impact.Life imitates artIn ‚ÄúTerminator 2: Judgment Day,‚Äù the T-800 explains that his brain runs on a ‚Äúneural-net processor, a learning computer,‚Äù a piece of Hollywood sci-fi tech that seemed designed to make cyborgs sound more menacing. And against all reason, scientists have gone ahead and built it. Neuromorphic chips now mimic the very thing the scriptwriters imagined: brain-like processors that learn and adapt in real time. No, they‚Äôre not striding around in leather jackets with shotguns, but they are bringing artificial intelligence to the edge, disconnected and learning. What was once a cinematic plot device has quietly become a laboratory reality, proving that sometimes life really does imitate the movies.Comparative analysis: CPU/GPU vs. neuromorphic systemsTo appreciate the significance of neuromorphic breakthroughs, it is important to compare them directly with the dominant compute platforms of today, CPUs and GPUs.CPUs excel at general-purpose computing with strong single-threaded performance and broad software ecosystems. However, they struggle with massively parallel AI workloads and are power‚Äêhungry at scale.GPUs/TPUs have become the backbone of modern AI training and inference, offering massive parallelism and mature frameworks like TensorFlow and PyTorch. Yet they are highly energy‚Äêintensive, require cooling and infrastructure, and are less suitable for size, weight and power (SWaP)-constrained environments such as IoT or edge devices.Neuromorphic systems, in contrast, are designed around event-driven, spike-based architectures. They compute only when stimuli occur, yielding extraordinary energy efficiency and low-latency processing. This makes them highly suitable for real-time edge applications, adaptive control and on-device intelligence. However, neuromorphic platforms face limitations in tooling, developer familiarity and ecosystem maturity.AI on the edgeNeuromorphic hardware has shown promise in edge environments where power efficiency, latency and adaptability matter most. From wearable medical devices to battlefield robotics, systems that can ‚Äúthink locally‚Äù without requiring constant cloud connectivity offer clear advantages. Recent surveys in neuromorphic computing demonstrate applications spanning real‚Äêtime sensory processing, robotics and adaptive control.Healthcare and R&D bridgeHealthcare is a leading beneficiary of neuromorphic breakthroughs. Neuromorphic systems are being studied for diagnostics, prosthetics and personalized medicine. A recent review highlights how neuromorphic computing is contributing to diagnostic imaging, brain-computer interfaces and adaptive neuroprosthetics, bridging edge diagnosis with frontier R&D. For example, neuromorphic neuroprosthetics have shown promise in restoring sensory feedback to amputees, while low‚Äêpower neuromorphic imaging chips are enabling continuous patient monitoring.At the same time, Steve Furber and others stress that real‚Äêtime event‚Äêdriven sensors ‚Äî such as event‚Äêbased vision systems ‚Äî are where neuromorphic excels today. These systems only compute when stimuli occur, making them particularly valuable in healthcare wearables and medical imaging, where sparse, efficient data capture is critical.Industrial control systems (ICS)Industrial systems demand ultra‚Äêlow‚Äêlatency and robust decision‚Äêmaking under uncertainty. Neuromorphic computing offers clear advantages in closed‚Äêloop control, process optimization and anomaly detection. A paper published recently in Nature Communications demonstrates how spiking neural networks can handle nonlinear process control and adapt to disturbances in real time. This aligns with prior work on neuromorphic resilience in ICS, particularly in power grids, oil & gas and manufacturing, where continuous adaptation is critical.Why this matters in simple terms: Closed‚Äêloop control is like a thermostat constantly adjusting heating to keep a room comfortable ‚Äî neuromorphic chips allow ICS to make those adjustments instantly and efficiently. Process optimization is similar to cruise control in a car, keeping things running smoothly while using less fuel or energy. Anomaly detection works like a smoke detector, spotting early signs of trouble before they escalate. In industries where downtime costs millions, or where failures can be dangerous, these capabilities translate directly into safer, cheaper and more reliable operations.Aircraft and shippingApplications in aerospace and maritime domains leverage neuromorphic systems‚Äô ability to process complex sensory streams while remaining power efficient. In aviation, neuromorphic processors can aid in autonomous navigation, fault detection and cockpit assistance. In shipping, neuromorphic computing supports sensor fusion and real‚Äêtime anomaly detection in harsh, bandwidth‚Äêlimited environments.LogisticsBeyond ICS and transportation, logistics presents a compelling use case for neuromorphic computing. A 2025 review of supply chain resilience emphasizes dynamic modeling through hybrid complex‚Äênetwork and agent‚Äêbased approaches. Neuromorphic architectures mirror this hybrid paradigm, enabling parallel simulations, disruption response and adaptive re‚Äêrouting in real time. Practical applications include warehouse robotics, just‚Äêin‚Äêtime inventory management and intermodal transport optimization. By integrating neuromorphic systems, logistics chains could achieve a higher degree of resilience, limiting ripple effects during global disruptions.Security and SOC applicationsAnother promising area is cybersecurity and Security Operations Centers (SOCs). Spiking neural networks (SNNs) process data in an event‚Äêdriven fashion, making them ideal for real‚Äêtime anomaly detection with minimal energy overhead. Their selective processing also enhances privacy by limiting unnecessary data exposure, a key advantage in handling sensitive information. Emerging work on spiking neural P systems shows effectiveness in malware detection, phishing identification and spam filtering with fewer training cycles than conventional deep learning systems. Early findings also suggest that SNNs may be more resilient to adversarial attacks due to their spike‚Äêbased encoding and nonlinear temporal dynamics.More recently, a US government‚Äêbacked study demonstrated that neuromorphic platforms such as BrainChip‚Äôs Akida 1000 and Intel‚Äôs Loihi 2 can achieve up to 98.4% accuracy in multiclass attack detection, matching full‚Äêprecision GPUs while consuming far less power. These chips were tested across nine network traffic types, including multiple attack categories and benign traffic, showing their suitability for deployment in aircraft, UAVs and edge gateways where size, weight, power and cost (SWaP‚ÄêC) constraints are critical. This represents a leap over earlier prototypes (~93.7% accuracy), aided by improved tooling like Intel‚Äôs Lava framework. Combined with advances in semi‚Äêsupervised and continual learning, neuromorphic SOC solutions are now capable of adapting to evolving threats while minimizing catastrophic forgetting.Equally important, neuromorphic AI is directly tackling the SWaP problem that prevents conventional AI from running effectively at the edge. In 2022, more than 112 million IoT devices were compromised, and IoT malware surged by 400% the following year. Neuromorphic processors, such as Akida 1000, address these challenges by delivering on‚Äêdevice, event‚Äêdriven anomaly detection without heavy infrastructure requirements. This positions neuromorphic SOC technologies as a practical path to securing IoT, UAVs and critical infrastructure endpoints that cannot support traditional AI models.Market and strategic implicationsDarwin Monkey 3 symbolizes more than a technological achievement; it reflects geopolitical competition in next‚Äêgeneration AI hardware. The ability to deploy neuromorphic systems across healthcare, ICS, defense, logistics and security may shape both national resilience and private‚Äêsector competitiveness. Importantly, as Furber notes, the hardware is ready ‚Äî but the ecosystem isn‚Äôt. Development tools akin to TensorFlow or PyTorch are still emerging (e.g., PyNN, Lava), and convergence toward standards will be crucial for widespread adoption (IEEE Spectrum, 2024).Adding to this, a 2025‚Äì2035 global market forecast projects significant growth in neuromorphic computing and sensing, spanning sectors such as healthcare, automotive, logistics, aerospace and cybersecurity. The study profiles more than 140 companies, from established giants like Intel and IBM to startups such as BrainChip and Prophesee, which are releasing joint products now, underscoring the breadth of investment and innovation. It also emphasizes challenges in standardization, tooling and supply chain readiness, suggesting that the race will not just be technological but also commercial and regulatory.Ethics and sustainabilityAs neuromorphic computing matures, ethical and sustainability considerations will shape adoption as much as raw performance. Spiking neural networks‚Äô efficiency reduces carbon footprints by cutting energy demands compared to GPUs, aligning with global decarbonization targets. At the same time, ensuring that neuromorphic models are transparent, bias‚Äêaware and auditable is critical for applications in healthcare, defense and finance. Calls for AI governance frameworks now explicitly include neuromorphic AI, reflecting its potential role in high‚Äêstakes decision‚Äêmaking. Embedding sustainability and ethics into the neuromorphic roadmap will ensure that efficiency gains do not come at the cost of fairness or accountability.A paradigm shift in AI?Will Darwin Monkey 3 spark a paradigm shift in AI? The answer lies in adoption and integration. Neuromorphic computing is no longer theoretical ‚Äî it is moving into applied domains from healthcare to logistics to cybersecurity. Yet the field still searches for its ‚Äúkiller app‚Äù ‚Äî a domain where neuromorphic‚Äôs efficiency and adaptability decisively outperform conventional AI. As industries face rising energy costs and escalating cyber‚Äêphysical risks, neuromorphic solutions offer a forward‚Äêlooking path that blends efficiency, adaptability, resilience and responsibility.This article is published as part of the Foundry Expert Contributor Network.Want to join?",cio,2025-09-08T11:11:00,https://www.cio.com/article/4052223/neuromorphic-computing-and-the-future-of-edge-ai.html,NewsData,NEUTRAL,0.5526
Technology,PyTorch,Get AI-certified by IITM Pravartak and IBM: Learn skills that employers want,IITM Pravartak is the technology innovation hub of IIT Madras.,toi,2025-09-08T10:02:16,https://timesofindia.indiatimes.com/spotlight/harness-the-future-of-technology-with-ai-and-ml-mastery-from-this-programme-by-iitm-pravartak/articleshow/118107365.cms,NewsData,POSITIVE,0.8026
Technology,PyTorch,Unpacking the Key Programming Trends of 2020: Insights from Top Surveys,"Hey everyone! So, 2020 was a pretty wild year for pretty much everyone, and the tech world was...The post Unpacking the Key Programming Trends of 2020: Insights from Top Surveys appeared first on TechAnnouncer.",techannouncer,2025-09-08T07:49:07,https://techannouncer.com/unpacking-the-key-programming-trends-of-2020-insights-from-top-surveys/,NewsData,POSITIVE,0.655
Technology,PyTorch,Best HP Workstations for TensorFlow and PyTorch: Deep Learning Performance Guide for Thailand,,hp.com,2025-09-10T01:28:48.673193,https://www.hp.com/th-en/shop/tech-takes/post/best-hp-workstations-tensorflow-vs-pytorch,GoogleNews,POSITIVE,0.64
Technology,PyTorch,Maximizing AI/ML Model Performance with PyTorch Compilation,,Towards Data Science,2025-09-10T01:28:48.729241,https://towardsdatascience.com/maximizing-ai-ml-model-performance-with-pytorch-compilation/,GoogleNews,NEUTRAL,0.6527
Technology,PyTorch,"ML Frameworks Compared: Scikit-Learn, Tensorflow, PyTorch and More [Updated]",,Netguru,2025-09-10T01:28:48.771512,https://www.netguru.com/blog/top-machine-learning-frameworks-compared,GoogleNews,NEUTRAL,0.8413
Technology,PyTorch,Double PyTorch Inference Speed for Diffusion Models Using Torch-TensorRT | NVIDIA Technical Blog,,NVIDIA Developer,2025-09-10T01:28:48.816837,https://developer.nvidia.com/blog/double-pytorch-inference-speed-for-diffusion-models-using-torch-tensorrt/,GoogleNews,NEUTRAL,0.8757
Technology,PyTorch,Deep Learning Framework Showdown: PyTorch vs TensorFlow in 2025,,MarkTechPost,2025-09-10T01:28:48.858282,https://www.marktechpost.com/2025/08/20/deep-learning-framework-showdown-pytorch-vs-tensorflow-in-2025/,GoogleNews,NEUTRAL,0.85
Technology,PyTorch,Pytorch Vs Tensorflow Vs Keras: The Differences You Should Know,,Simplilearn.com,2025-09-10T01:28:48.894272,https://www.simplilearn.com/keras-vs-tensorflow-vs-pytorch-article,GoogleNews,NEUTRAL,0.8
Technology,PyTorch,Unpickling Pytorch: Keeping Malicious AI Out | Sonatype Whitepaper,,Sonatype,2025-09-10T01:28:48.936990,https://www.sonatype.com/resources/whitepapers/unpickling-pytorch,GoogleNews,NEUTRAL,0.6438
Technology,PyTorch,Running PyTorch on an Arm Copilot+ PC,,InfoWorld,2025-09-10T01:28:48.981182,https://www.infoworld.com/article/3980180/running-pytorch-on-an-arm-copilot-pc.html,GoogleNews,NEUTRAL,0.8715
Technology,PyTorch,Cloudian plugs PyTorch into GPUDirect to juice AI training speeds,,Blocks and Files,2025-09-10T01:28:49.015878,https://blocksandfiles.com/2025/07/15/cloudian-rdma-connector-pytorch/,GoogleNews,NEUTRAL,0.6971
Technology,PyTorch,Why PyTorch Gets All the Love,,The New Stack,2025-09-10T01:28:49.061160,https://thenewstack.io/why-pytorch-gets-all-the-love/,GoogleNews,NEUTRAL,0.5701
Technology,PyTorch,PyTorch Lightning Founder ‚ö° Build AI Agents: Lightning AI Hands-On Workshop with William Falcon,,Refresh Miami,2025-09-10T01:28:49.093551,https://refreshmiami.com/event/pytorch-lightning-founder-%E2%9A%A1-build-ai-agents-lightning-ai-hands-on-workshop-with-william-falcon/,GoogleNews,NEUTRAL,0.8454
Technology,PyTorch,PyTorch Foundation Expands to Umbrella Foundation and Welcomes vLLM and DeepSpeed Projects,,PR Newswire,2025-09-10T01:28:49.137009,https://www.prnewswire.com/news-releases/pytorch-foundation-expands-to-umbrella-foundation-and-welcomes-vllm-and-deepspeed-projects-302447897.html,GoogleNews,POSITIVE,0.678
Technology,PyTorch,Critical vulnerability in PyTorch framework,,kaspersky.com,2025-09-10T01:28:49.175214,https://www.kaspersky.com/blog/vulnerability-in-pytorch-framework/53311/,GoogleNews,NEGATIVE,0.5698
Technology,PyTorch,Intel Boosts AI Development with Contributions to PyTorch 2.5,,Intel Newsroom,2025-09-10T01:28:49.245786,https://newsroom.intel.com/software/intel-boosts-ai-development-with-contributions-to-pytorch-2-5,GoogleNews,POSITIVE,0.5748
Technology,PyTorch,Best HP Workstations for AI Development: TensorFlow and PyTorch Performance in Hong Kong,,hp.com,2025-09-10T01:28:49.309997,https://www.hp.com/hk-en/shop/tech-takes/post/best-hp-workstations-tensorflow-vs-pytorch,GoogleNews,POSITIVE,0.7381
Technology,PyTorch,Torchvista: Building an Interactive Pytorch Visualization Package for Notebooks,,Towards Data Science,2025-09-10T01:28:49.379401,https://towardsdatascience.com/torchvista-building-an-interactive-pytorch-visualization-package-for-notebooks/,GoogleNews,NEUTRAL,0.7386
Technology,PyTorch,Best HP Workstations for TensorFlow and PyTorch: Deep Learning Performance Compared,,hp.com,2025-09-10T01:28:49.441610,https://www.hp.com/nz-en/shop/tech-takes/post/best-hp-workstations-tensorflow-vs-pytorch,GoogleNews,POSITIVE,0.7105
Technology,PyTorch,Capturing and Deploying PyTorch Models with torch.export,,Towards Data Science,2025-09-10T01:28:49.505697,https://towardsdatascience.com/capturing-and-deploying-pytorch-models-with-torch-export/,GoogleNews,NEUTRAL,0.8708
Technology,PyTorch,Best HP Workstations for TensorFlow and PyTorch: Deep Learning Performance Compared,,hp.com,2025-09-10T01:28:49.557374,https://www.hp.com/in-en/shop/tech-takes/post/best-hp-workstations-tensorflow-vs-pytorch,GoogleNews,POSITIVE,0.7105
Technology,PyTorch,What PyTorch Really Means by a Leaf Tensor and Its Grad,,Towards Data Science,2025-09-10T01:28:49.605807,https://towardsdatascience.com/what-pytorch-really-means-by-a-leaf-tensor-2/,GoogleNews,NEUTRAL,0.8433
Technology,PyTorch,"[Student] Looking for Summer 2026 SWE Internships, getting rejections and/or no responses","Targeting SWE internships for Summer 2026. Located in the US, holding US citizenship, and attending a state university. Applying to as many internships as I can find, but not receiving responses and/or getting rejections. Resume improvement suggestions are greatly appreciated.

https://preview.redd.it/4srqc5lf07of1.png?width=5100&amp;format=png&amp;auto=webp&amp;s=4ddc37a33993c41134d00560fdb281ae27441051

",EngineeringResumes,2025-09-10T01:15:28,https://reddit.com/r/EngineeringResumes/comments/1ncsz6x/student_looking_for_summer_2026_swe_internships/,Reddit,NEUTRAL,0.5149
Technology,PyTorch,"[0 YoE] - New grad, please help review my resume. Any advice welcome, thank you!","# [0 YoE] - New grad, please help review my resume. Any advice welcome, thank you!

https://preview.redd.it/xv0fxdxa07of1.jpg?width=5100&amp;format=pjpg&amp;auto=webp&amp;s=481afbc4173df620f84a6db6592e2471093e0f74

",EngineeringResumes,2025-09-10T01:14:01,https://reddit.com/r/EngineeringResumes/comments/1ncsxpc/0_yoe_new_grad_please_help_review_my_resume_any/,Reddit,POSITIVE,0.8832
Technology,PyTorch,"Remote Job - Binance - Algorithm Engineer, LLM (Safety First)","üßë‚Äçüíª Level: senior

üìå Location: remote

üåÜ City: Taipei, TW

üóì Type: fullTime

üíµ Salary: 0k - 0k USD (annual)

Description: ## Algorithm Engineer, LLM (Safety First) ‚Äì AI Safety
Taiwan, Taipei / Thailand, Bangkok / Australia, Brisbane / Australia, Melbourne / Australia, Sydney / Indonesia, Jakarta / Hong Kong / Asia / New Zealand, Auckland / New Zealand, Wellington / Poland, Krakow / Poland, Warsaw
Engineering ‚Äì Data Science/AI /
Full-time: Remote /
Remote
Binance is a leading global blockchain ecosystem behind the world‚Äôs largest cryptocurrency exchange by trading volume and registered users. We are trusted by over 280 million people in 100+ countries for our industry-leading security, user fund transparency, trading engine speed, deep liquidity, and an unmatched portfolio of digital-asset products. Binance offerings range from trading and finance to education, research, payments, institutional services, Web3 features, and more. We leverage the power of digital assets and blockchain to build an inclusive financial ecosystem to advance the freedom of money and improve financial access for people around the world.
**About the Role**
We are seeking an **LLM Algorithm Engineer (Safety First)** to join our AI/ML team, with a focus on building robust **AI guardrails and safety frameworks** for large language models (LLMs) and intelligent agents. This role is pivotal in ensuring **trust, compliance, and reliability** in Binance‚Äôs AI-powered products such as **Customer Support Chatbots, Compliance Systems, Search, and Token Reports**.
### Responsibilities: 
    * Design and build an **AI Guardrails framework** as a safety layer for LLMs and agent workflows
    * Define and enforce **safety, security, and compliance policies** across applications
    * Detect and mitigate **prompt injection, jailbreaks, hallucinations, and unsafe outputs**
    * Implement **privacy and PII protection** : redaction, obfuscation, minimisation, data residency controls
    * Build **red-teaming pipelines, automated safety tests, and risk monitoring tools**
    * Continuously improve guardrails to address **new attack vectors, policies, and regulations**
    * Fine-tune or optimise **LLMs for trading, compliance, and Web3 tasks**
    * Collaborate with **Product, Compliance, Security, Data, and Support** to ship safe features


### Requirements:
    * **Master‚Äôs/PhD** in Machine Learning, AI, Computer Science, or related field
    * Research track record (ICLR, NeurIPS, ACL, ICML) a plus
    * Hands-on experience building **LLM/agent guardrails** (policy design, refusal rules, filtering, permissions)
    * Practical experience with **hallucination mitigation and safety evaluation**
    * Proven ability to **ship AI safety frameworks to production**
    * Strong coding in **Python** (Java a plus); expertise in **PyTorch/TensorFlow/JAX**
    * Understanding of **privacy, PII handling, data governance, and risk frameworks**
    * Interest in **crypto, Web3, and financial systems**
    * Self-driven with strong ownership and delivery skills
    * Excellent **communication and collaboration** abilities


**Why Binance**
‚Ä¢ Shape the future with the world‚Äôs leading blockchain ecosystem
‚Ä¢ Collaborate with world-class talent in a user-centric global organization with a flat structure
‚Ä¢ Tackle unique, fast-paced projects with autonomy in an innovative environment
‚Ä¢ Thrive in a results-driven workplace with opportunities for career growth and continuous learning
‚Ä¢ Competitive salary and company benefits
‚Ä¢ Work-from-home arrangement (the arrangement may vary depending on the work nature of the business team)
Binance is committed to being an equal opportunity employer. We believe that having a diverse workforce is fundamental to our success.
_By submitting a job application, you confirm that you have read and agree to our_** _Candidate Privacy Notice_** _._
Binance Home Page
Jobs powered by 


Visit https://jobhuntify.com for more remote jobs.",jobhuntify,2025-09-10T00:41:34,https://reddit.com/r/jobhuntify/comments/1ncs1ps/remote_job_binance_algorithm_engineer_llm_safety/,Reddit,NEUTRAL,0.6077
Technology,PyTorch,"Remote Job - Binance - Senior Data Scientist (Content, Feeds, Recommendation)","üßë‚Äçüíª Level: senior

üìå Location: remote

üåÜ City: Taipei, TW

üóì Type: fullTime

üíµ Salary: 0k - 0k USD (annual)

Description: ## Senior Data Scientist (Content, Feeds, Recommendation)
Taiwan, Taipei / Hong Kong
Engineering ‚Äì Big Data /
Full-time: Remote /
Remote
Binance is a leading global blockchain ecosystem behind the world‚Äôs largest cryptocurrency exchange by trading volume and registered users. We are trusted by over 280 million people in 100+ countries for our industry-leading security, user fund transparency, trading engine speed, deep liquidity, and an unmatched portfolio of digital-asset products. Binance offerings range from trading and finance to education, research, payments, institutional services, Web3 features, and more. We leverage the power of digital assets and blockchain to build an inclusive financial ecosystem to advance the freedom of money and improve financial access for people around the world.
Data-driven based business is the core in helping us to use the cloud-native platforms to serve tens of millions of crypto-currency users. Engineers and Data Scientists across the company use the data platform to do interesting and impactful analyses for continuous innovations. 
As a data scientist, you will have the opportunity to leverage rich data (PB-level scalability) and state-of-art machine learning infrastructure to develop data products that are used by our tens of millions of crypto-currency users. You will collaborate with a strong team of engineers, data analysts, business operation and product/marketing managers to define and build solutions, features, algorithms and products based on our rich data and cutting-edge machine learning technology. 
To be successful in this role, you must be a quick learner, stellar machine learning skills with rich and solid experience from inception to business impact, strong communication capabilities and work well in cross-functional teams (e.g. with data users from different marketing and consumer team). This is a great opportunity to enhance your machine learning /data science skills in markets and familiarize with Blockchain based technology and etc while making a real impact on Blockchain and Crypto-Currency technology globally.
We have multiple openings available and many more are coming due to our rapid growth of the business. Sample projects include:
- User behavior and pattern analysis: KYC, Anti-Money Laundry, and abnormal user automated recognition to provide our users with safe and more accurate information service
- Digital data asset: obtain the blockchain based data to perform chain-based data analysis, prediction and recommendations.
- Personalized recommender system: leverage of our PB-scale data warehouse to perform in-depth analysis and recommender system for our end-users
- Data driven customer feedback and satisfaction analysis: leverage of machine learning techniques to understand customer‚Äôs feedback and satisfaction with proven data evidence and analysis
### Responsibilities
    * Responsible for designing and managing search recommendation services and models 
    * Knowledge of machine learning powered personalization methods, design patterns and tools
    * In-depth understanding of Recommendation systems with the business domain knowledge to take the impact of AI product to the next level
    * Drive the development of core modules with data-driven strategy to maximize the impact
    * Identify the needs and opportunities, define success metrics with Business and Product management teams


### Requirements
    * MSc or Phd in Machine Learning, Computer Vision, Computer Science or Applied Mathematics with at least 8 years of relevant industry experience
    * Excellent hands-on experience with popular Machine Learning frameworks such as PyTorch or TensorFlow
    * Bilingual English/Mandarin is required to be able to coordinate with internal and external stakeholders.
    * Experienced in leading a team
    * Experience with application development practices at scale
    * Good global team collaboration skills and experiences are good add-ons as well
    * Publication record at top conferences and journals is a plus


**Why Binance**
‚Ä¢ Shape the future with the world‚Äôs leading blockchain ecosystem
‚Ä¢ Collaborate with world-class talent in a user-centric global organization with a flat structure
‚Ä¢ Tackle unique, fast-paced projects with autonomy in an innovative environment
‚Ä¢ Thrive in a results-driven workplace with opportunities for career growth and continuous learning
‚Ä¢ Competitive salary and company benefits
‚Ä¢ Work-from-home arrangement (the arrangement may vary depending on the work nature of the business team)
Binance is committed to being an equal opportunity employer. We believe that having a diverse workforce is fundamental to our success.
_By submitting a job application, you confirm that you have read and agree to our_** _Candidate Privacy Notice_** _._
Binance Home Page
Jobs powered by 


Visit https://jobhuntify.com for more remote jobs.",jobhuntify,2025-09-10T00:39:59,https://reddit.com/r/jobhuntify/comments/1ncs04e/remote_job_binance_senior_data_scientist_content/,Reddit,POSITIVE,0.815
Technology,PyTorch,"Feedback / tips for training DINO - this is histopathology application, but I am just trying to learn general technique for hyperparameter tuning this type of model","I am working on training DINO on histopathology data. This is to serve as a foundation model for supervised segmentation and classification models, as well as a tool for understanding the structure of my data.

**TLDR / main question:** How do people typically tune this / evaluate DINO training? I know downstream, I can look at cluster metrics (silhouette score, etc.) and linear probing for subset of labeled data. But for quicker train time eval, what do you do? This is for tuning EMA, temp, aug strength, etc. I shouldn't focus on loss because this relative to K. **Do I focus on teacher entropy when hyper parameter tuning?** That is what I've been doing (ChatGPT might have had some influence here). I am hoping from some practical, real-world tips for how people focus their energy when tuning / optimizing SSL models, particularly DINO. Do I need to jump to cluster / linear probe metrics? Or are there training metrics I can focus on?

  
Some more details / context:

I'm using a combination of PyTorch lightning, timm, and Lightly to build my model and training pipeline.

I tried to follow the precedent of the recent major papers in this area (UNI, Virchow2, PLUTO) and vanilla DINO training protocols. I first break my whole slide images (WSIs) into tiles that  and then generate random global and local crops from these. I only have around 50k tiles from my 2-3k source images, so I was starting with ConvNeXt instead of ViTs. Or maybe I'm being too cautious?

I started with vanilla DINO training params and have only been tweaking them as necessary to avoid flatness collapse (teacher entropy = ln(K)) and sharpness collapse (teacher entropy dipping too low, i.e. approaching zero). The major deviations I've made from vanilla

1. I had to change EMA schedule to be 0.998-&gt;0.9999. Starting with lower EMA led sharpness collapse (teacher entropy diving towards 0)
2. I also had to change teacher temp to 0.075 (up from 0.07). Boosting temp much past this led the model to get stuck with teacher entropy = ln(K)
3. I also dropped K to 8192 because ChatGPT told me that helps with stability.

It seems to be working, but my cluster metrics are not quite as great as I am hoping (silhouette \~0.25) and cluster purity isn't quite there either. But I probably need to spend some time on my image retrieval protocol. Right now I'm just doing L2-&gt;PCA-&gt;L2 on my embeddings -&gt; Leiden clustering -&gt; Umap plotting and then randomly querying images from my various clusters and eye balling how ""pure"" it looks.",learnmachinelearning,2025-09-10T00:29:55,https://reddit.com/r/learnmachinelearning/comments/1ncrpub/feedback_tips_for_training_dino_this_is/,Reddit,NEUTRAL,0.6507
Technology,PyTorch,"For my engineering thesis, I have to build a hybrid chess engine","Hey everyone!

For my engineering thesis, I have to build a hybrid chess engine. I‚Äôm a bit unsure about the best approach to take because ‚Äúhybrid‚Äù can be broken down into many more specific subcategories.

Here‚Äôs my current idea:

* Implement minimax with alpha-beta pruning using an existing C++ chess library.
* Train a PyTorch model on grandmaster games. Unfortunately, I‚Äôd probably focus on teaching the model to memorize positions rather than truly ‚Äúunderstand‚Äù chess, since teaching it to play general chess might require hundreds of thousands or even millions of games. If anyone knows a way around this, I‚Äôd love to be corrected.
* Create a function to choose the best move by combining both: minimax + model, where minimax kicks in when the model is uncertain about its choice.

The part I‚Äôm stuck on: evaluation function. Should I rely on heuristics, or should the model itself learn to evaluate positions?

Also, I‚Äôm concerned about hardware limitations. My setup is:

* AMD RX 6800
* Intel i5-12400F
* 16 GB RAM

Do you think it‚Äôs realistic to aim for \~2000 ELO on this hardware? And does using ROCm impose any constraints I should be aware of?

If anyone has pro tips on building a hybrid chess engine, training models on chess, or combining classical AI with ML, I‚Äôd really appreciate your help!",ComputerChess,2025-09-10T00:09:13,https://reddit.com/r/ComputerChess/comments/1ncr5i1/for_my_engineering_thesis_i_have_to_build_a/,Reddit,NEUTRAL,0.4981
Technology,PyTorch,"[2.5 YoE, Full Stack Developer, Backend Engineer, India]",,resumes,2025-09-09T23:30:10,https://reddit.com/r/resumes/comments/1ncq2yu/25_yoe_full_stack_developer_backend_engineer_india/,Reddit,NEUTRAL,0.898
Technology,PyTorch,In what file is batchnorm (and other normlalization layers) defined?,"I have looked through the documentation online and links to the source code.

The BatchNorm3d module just inherits from \_BatchNorm ( [https://github.com/pytorch/pytorch/blob/v2.8.0/torch/nn/modules/batchnorm.py#L489](https://github.com/pytorch/pytorch/blob/v2.8.0/torch/nn/modules/batchnorm.py#L489) ).

The \_BatchNorm module just implements the functional.batch\_norm version ( [https://github.com/pytorch/pytorch/blob/v2.8.0/torch/nn/modules/batchnorm.py#L489](https://github.com/pytorch/pytorch/blob/v2.8.0/torch/nn/modules/batchnorm.py#L489) )

  
The functional version calls torch.batch\_norm ( [https://github.com/pytorch/pytorch/blob/v2.8.0/torch/nn/functional.py#L2786](https://github.com/pytorch/pytorch/blob/v2.8.0/torch/nn/functional.py#L2786) )

I can't find any documentation or source code for this version of the function.  I'm not sure where to look next.

For completeness, let me explain why I'm trying to do this.  I want to implement a custom normalization layer.  I'm finding it uses a lot more memory than batch norm does.  I want to compare to the source code for batch norm to understand the differences.

",pytorch,2025-09-09T23:11:27,https://reddit.com/r/pytorch/comments/1ncpknq/in_what_file_is_batchnorm_and_other/,Reddit,NEUTRAL,0.5372
Technology,PyTorch,SageAttention 2.2 Error on Qwen : Error dtype of torch.float16,"I built `sage_attention 2.2` for my RTX 2060 12GB.  It works fine with Flux.1 Kontext FP8, around 7.7 s/it. (Kontext GGUF is slower)

But it encouters the following error when using with Qwen (GGUF):

`Error running sage attention: Input tensors must be in dtype of torch.float16 or torch.bfloat16, using pytorch attention instead.`

I wonder whether SageAttention 2 can be used with Qwen.  Thank you.",comfyui,2025-09-09T23:04:01,https://reddit.com/r/comfyui/comments/1ncpddj/sageattention_22_error_on_qwen_error_dtype_of/,Reddit,POSITIVE,0.5196
Technology,PyTorch,Resources for learning specific python libraries (theyre listed below),"Hey everyone! Im sort of an intermediate when it comes to coding with python, i can code with some basic modules such as math random etc but when it comes to libraries i know little to nothing, I would like some help or resources but everything ive found was either a tutorial that just tells you to copy what to do (learn nothing this way) or is paywalled. The libraries that i want to learn are: numpy, pandas, pytorch/tensorflow, scikit-learn, matplotlib. Any resources or anyone wanting to learn who can learn with me, its all welcome :)

Thanks!",learnpython,2025-09-09T22:46:13,https://reddit.com/r/learnpython/comments/1ncow5w/resources_for_learning_specific_python_libraries/,Reddit,POSITIVE,0.8636
Technology,PyTorch,The danger of Pickle Files on Hugging Face: Here are 2 opportunities to prove it's a problem,"Hey CSOs, here's what happens when lessons aren't learned the first time:

In Feb ‚Äô25, researchers found malicious models on Hugging Face that abused ‚Äúbroken Pickle‚Äù to evade Picklescan, Hugging Faces Pickle file scanner, and open reverse shells, a clever attack which opens outbound connections to an foreign server.  

Mere weeks later, researchers recently spotted three newly published PyPI packages masquerading as a ‚ÄúPython SDK‚Äù for Aliyun AI Labs. After install, the setup routine loads a PyTorch model whose serialized contents act as an info-stealer, collecting basic info about the infected machine, file reading .gitconfig.

Why hide code in ML models?

Because most security stacks are only now adding real detections for ML file types. Formats like Pickle have been treated as ‚Äúdata for sharing,‚Äù not executable containers, so they slip past scanners.

This is an undeniable and recent example that demonstrates why a zero-trust boundary for all file types is essential to protect your development environment. ",tryFusionAI,2025-09-09T21:45:12,https://reddit.com/r/tryFusionAI/comments/1ncn9hv/the_danger_of_pickle_files_on_hugging_face_here/,Reddit,NEGATIVE,0.508
Technology,PyTorch,Cheat Sheet of AI Job Titles,"Hey guys, I wanted to share this AI roles cheat sheet so you can see what AI positions are in the market, if you want to know more about each one here are 2 blogs that explain them in detail:

  
1. [https://www.clickittech.com/ai/ai-roles/](https://www.clickittech.com/ai/ai-roles/)

2. [https://www.clickittech.com/ai/new-ai-job-titles/](https://www.clickittech.com/ai/new-ai-job-titles/)

https://preview.redd.it/4ybjqlkoy5of1.png?width=1761&amp;format=png&amp;auto=webp&amp;s=a9f082d236564f1d2ede0e663b81df0c36f1bdeb

",AICareer,2025-09-09T21:44:55,https://reddit.com/r/AICareer/comments/1ncn984/cheat_sheet_of_ai_job_titles/,Reddit,NEUTRAL,0.8026
Technology,PyTorch,Pytorch lightning vs pytorch,"Today at work, i was criticized by a colleague for implementing my training script in pytorch instead of pytorch lightning. His rationale was that the same thing could've been done in less code using lightning, and more code means more documentation and explaining to do. I havent familiarized myself with pytorch lightning yet so im not sure if this is fair criticism, or something i should take with a grain of salt. I do intend to read the lightning docs soon but im just thinking about this for my own learning. Any thoughts?",datascience,2025-09-09T21:11:08,https://reddit.com/r/datascience/comments/1ncmcgf/pytorch_lightning_vs_pytorch/,Reddit,NEGATIVE,0.6191
Technology,PyTorch,Looking to work in AI/ML domain,,StartUpIndia,2025-09-09T20:53:41,https://reddit.com/r/StartUpIndia/comments/1nclw0f/looking_to_work_in_aiml_domain/,Reddit,NEUTRAL,0.6475
Technology,PyTorch,I Study AI and currently in 3rd year,"https://preview.redd.it/i1krf5ipl5of1.jpg?width=2484&amp;format=pjpg&amp;auto=webp&amp;s=db978ea0faf7b8093bfd8af00a6c5671ef3a4613

hey so i am a student who is in 3rd year of his degree and i currently have 3.60 cgpa and i need internship i am attaching my resume below",PaidInternships,2025-09-09T20:29:19,https://reddit.com/r/PaidInternships/comments/1ncl8r5/i_study_ai_and_currently_in_3rd_year/,Reddit,NEUTRAL,0.8503
Technology,PyTorch,Best resources for someone who learns by following a proper structure?,"I learn best by following a proper structure (think about following a class about ML/DL, so introducing the library, then the basic functions, then some exercises, and repeat).

I have a background in mathematics and some data science, I just want to dive deeper in the world of ML/DL, in particular learning the various tools and libraries, mainly PyTorch.  
However I don't like particularly going on the documentation to learn; I still do that when I have doubts or need to implement something, but to learn something I prefer something like either a book, a course online, some roadmap that gamify the experience, I hope I am giving the correct idea on how I learn best.

What are some resources for me?",learnmachinelearning,2025-09-09T20:18:43,https://reddit.com/r/learnmachinelearning/comments/1nckyw5/best_resources_for_someone_who_learns_by/,Reddit,NEUTRAL,0.5318
Technology,PyTorch,‚ú® Machines That Dream &amp; Laugh With Us: The New Magic of Everyday Machine Learning! üöÄ,"Hey fellow tinkerers, data dreamers, and curious minds! üöÄ

Let‚Äôs talk about MACHINE LEARNING‚Äîthe buzzword that won‚Äôt quit and, honestly, I‚Äôm glad it hasn‚Äôt. There‚Äôs something ridiculously exciting about how the world is shifting thanks to machines that learn, adapt, and surprise us almost every day. And sometimes those surprises are...well, *awesome*!

First off, the sheer **speed of progress** in ML sometimes makes my head spin.

- Remember when doing image recognition meant laboriously drawing boxes over cat photos? (Okay, some of you definitely still do this, sorry!)
- And now you can just whip up a pre-trained model that can spot not just a cat, but Tommy, the neighbor‚Äôs tabby, in about two lines of code.

How cool is it that kids learning to code today start with tools like TensorFlow, huggingface, or PyTorch? Easily accessible. Completely open. You don‚Äôt need a PhD or a university supercomputer. The gatekeepers are *gone*.

But what really gets me jazzed are the emerging **creative applications**:

- Music that evolves as you listen.
- Machines learning your favorite ice cream flavor combos.
- Automated scripts that chase down better job postings while you sleep.
- AI-generated art that makes you step back and wonder, ‚Äúwait, how did it know I wanted a nebula with tiny hamsters floating through it?‚Äù

It‚Äôs not just about the tech. It‚Äôs about seeing:

- Devs and researchers from all around the world collaborating for fun and progress.  
- Hobbyists making AI chatbots for their D&amp;D sessions.
- Students building climate models in their dorm rooms.

We‚Äôre genuinely co-creating with the machines now. **It‚Äôs as if there's a new teammate at our desk, ready to prototype ideas at 3am and never asking for coffee.**

Here‚Äôs what excites me‚Äîmaybe it‚Äôll spark something in you, too:

- What wild use-case have you dreamed up, just for the fun of it?
- If ML were as easy as napkin sketches, what would you build?
- Can we push machine learning into areas nobody‚Äôs explored because it seemed ‚Äútoo silly‚Äù?

I love that, in *this moment*, we can be playful. We can be serious. We can put a llama on the moon *and* get distracted by the world‚Äôs most over-engineered recipe generator.

The truth is:

**We‚Äôre only just getting started.**

So, r/GPTAppsEngine, hit me with your weirdest, brightest, and happiest ML stories‚Äîwhether it‚Äôs a goofy friendship algorithm, or a project that made your jaw drop in delight.

Let‚Äôs let the machines *learn* and us *laugh!*",GPTAppsEngine,2025-09-09T19:59:09,https://reddit.com/r/GPTAppsEngine/comments/1nckgh8/machines_that_dream_laugh_with_us_the_new_magic/,Reddit,POSITIVE,0.8561
Technology,PyTorch,Beginner Python is just the start...,"When I first finished beginner Python, I thought: Okay‚Ä¶ what now?  
I could write loops, functions, and classes but I had no clue where Python could actually take me. I worried I‚Äôd wasted months learning something that wouldn‚Äôt lead to a real career. That‚Äôs where most beginners stop. They learn the basics but never see the bigger picture and Python quietly slips away from their resume. The truth? Python isn‚Äôt just a language. It‚Äôs a gateway into dozens of careers. And the path you choose depends on what excites you most.

If you like building apps, Python can turn you into a web developer with Flask or Django, a full-stack engineer with PostgreSQL, a desktop app dev with Tkinter or PyQt, or even a cloud engineer mixing Python with AWS and Docker.

If you‚Äôre drawn to data and AI, Python is the 1 skill: analyzing data with Pandas and NumPy, training models with Scikit-learn or PyTorch, working on NLP with HuggingFace, or building computer vision systems with OpenCV. These skills open doors to data analyst, ML engineer, and even research roles.

If you lean toward automation and DevOps, Python lets you script away boring tasks, build bots, run cloud automation with AWS Lambda, or even step into DevOps/SRE roles by combining it with Terraform, Ansible, and shell scripting.

And if you‚Äôre fascinated by security, IoT, or creative tech, Python takes you there too from ethical hacking with Scapy and Nmap, to robotics with Raspberry Pi and ROS, to generative AI, 3D animation, and even bioinformatics research.

The possibilities are insane. Python is one of the rare skills that doesn‚Äôt lock you into one career it opens a thousand doors.

But here‚Äôs the catch: most people never get past beginner. They don‚Äôt realize the fork in the road is right after the basics. If you choose a path and double down, Python won‚Äôt just be a language you learned it‚Äôll be the skill that defines your career...",pythontips,2025-09-09T19:02:53,https://reddit.com/r/pythontips/comments/1ncj1kw/beginner_python_is_just_the_start/,Reddit,NEUTRAL,0.4676
Technology,PyTorch,Beginner Python is just the start...,"When I first finished beginner Python, I thought: Okay‚Ä¶ what now?  
I could write loops, functions, and classes but I had no clue where Python could actually take me. I worried I‚Äôd wasted months learning something that wouldn‚Äôt lead to a real career. That‚Äôs where most beginners stop. They learn the basics but never see the bigger picture and Python quietly slips away from their resume. The truth? Python isn‚Äôt just a language. It‚Äôs a gateway into dozens of careers. And the path you choose depends on what excites you most.

If you like building apps, Python can turn you into a web developer with Flask or Django, a full-stack engineer with PostgreSQL, a desktop app dev with Tkinter or PyQt, or even a cloud engineer mixing Python with AWS and Docker.

If you‚Äôre drawn to data and AI, Python is the 1 skill: analyzing data with Pandas and NumPy, training models with Scikit-learn or PyTorch, working on NLP with HuggingFace, or building computer vision systems with OpenCV. These skills open doors to data analyst, ML engineer, and even research roles.

If you lean toward automation and DevOps, Python lets you script away boring tasks, build bots, run cloud automation with AWS Lambda, or even step into DevOps/SRE roles by combining it with Terraform, Ansible, and shell scripting.

And if you‚Äôre fascinated by security, IoT, or creative tech, Python takes you there too from ethical hacking with Scapy and Nmap, to robotics with Raspberry Pi and ROS, to generative AI, 3D animation, and even bioinformatics research.

The possibilities are insane. Python is one of the rare skills that doesn‚Äôt lock you into one career it opens a thousand doors.

But here‚Äôs the catch: most people never get past beginner. They don‚Äôt realize the fork in the road is right after the basics. If you choose a path and double down, Python won‚Äôt just be a language you learned it‚Äôll be the skill that defines your career...",learnpython,2025-09-09T19:02:47,https://reddit.com/r/learnpython/comments/1ncj1hl/beginner_python_is_just_the_start/,Reddit,NEUTRAL,0.4676
Technology,PyTorch,Beginner Python is just the start...,"When I first finished beginner Python, I thought: Okay‚Ä¶ what now?  
I could write loops, functions, and classes but I had no clue where Python could actually take me. I worried I‚Äôd wasted months learning something that wouldn‚Äôt lead to a real career. That‚Äôs where most beginners stop. They learn the basics but never see the bigger picture and Python quietly slips away from their resume. The truth? Python isn‚Äôt just a language. It‚Äôs a gateway into dozens of careers. And the path you choose depends on what excites you most.

https://preview.redd.it/45bjzqjgv4of1.png?width=2245&amp;format=png&amp;auto=webp&amp;s=bd7a1b608d6d01dad00002eb647b1a4ae648ae10

If you like building apps, Python can turn you into a web developer with Flask or Django, a full-stack engineer with PostgreSQL, a desktop app dev with Tkinter or PyQt, or even a cloud engineer mixing Python with AWS and Docker.

If you‚Äôre drawn to data and AI, Python is the 1 skill: analyzing data with Pandas and NumPy, training models with Scikit-learn or PyTorch, working on NLP with HuggingFace, or building computer vision systems with OpenCV. These skills open doors to data analyst, ML engineer, and even research roles.

If you lean toward automation and DevOps, Python lets you script away boring tasks, build bots, run cloud automation with AWS Lambda, or even step into DevOps/SRE roles by combining it with Terraform, Ansible, and shell scripting.

And if you‚Äôre fascinated by security, IoT, or creative tech, Python takes you there too from ethical hacking with Scapy and Nmap, to robotics with Raspberry Pi and ROS, to generative AI, 3D animation, and even bioinformatics research.

The possibilities are insane. Python is one of the rare skills that doesn‚Äôt lock you into one career it opens a thousand doors.

But here‚Äôs the catch: most people never get past beginner. They don‚Äôt realize the fork in the road is right after the basics. If you choose a path and double down, Python won‚Äôt just be a language you learned it‚Äôll be the skill that defines your career...",CloudandCode,2025-09-09T19:02:16,https://reddit.com/r/CloudandCode/comments/1ncj128/beginner_python_is_just_the_start/,Reddit,NEUTRAL,0.496
